file,ap_dtaut_month,records,cns_empty
AMGO2401.dbc,202306,6,0
AMGO2401.dbc,202307,2196,0
AMGO2401.dbc,202308,11699,0
AMGO2401.dbc,202309,6894,0
AMGO2401.dbc,202310,7120,0
AMGO2401.dbc,202311,10902,0
AMGO2401.dbc,202312,11327,0
AMGO2401.dbc,202401,10246,0
AMGO2402.dbc,202306,1,0
AMGO2402.dbc,202307,2,0
AMGO2402.dbc,202308,2624,0
AMGO2402.dbc,202309,12609,0
AMGO2402.dbc,202310,10154,0
AMGO2402.dbc,202311,9374,0
AMGO2402.dbc,202312,11361,0
AMGO2402.dbc,202401,13864,0
AMGO2402.dbc,202402,11449,0
AMGO2403.dbc,202303,1,0
AMGO2403.dbc,202304,2,0
AMGO2403.dbc,202305,1,0
AMGO2403.dbc,202307,1,0
AMGO2403.dbc,202309,2217,0
AMGO2403.dbc,202310,10457,0
AMGO2403.dbc,202311,9506,0
AMGO2403.dbc,202312,9690,0
AMGO2403.dbc,202401,13995,0
AMGO2403.dbc,202402,14913,0
AMGO2403.dbc,202403,13307,0
AMGO2404.dbc,202308,1,0
AMGO2404.dbc,202309,3,0
AMGO2404.dbc,202310,2406,0
AMGO2404.dbc,202311,9987,0
AMGO2404.dbc,202312,10345,0
AMGO2404.dbc,202401,12280,0
AMGO2404.dbc,202402,15177,0
AMGO2404.dbc,202403,17015,0
AMGO2404.dbc,202404,11329,0
AMGO2405.dbc,202309,1,0
AMGO2405.dbc,202310,10,0
AMGO2405.dbc,202311,3142,0
AMGO2405.dbc,202312,10611,0
AMGO2405.dbc,202401,12851,0
AMGO2405.dbc,202402,13334,0
AMGO2405.dbc,202403,17083,0
AMGO2405.dbc,202404,14470,0
AMGO2405.dbc,202405,10653,0
AMGO2406.dbc,202309,1,0
AMGO2406.dbc,202310,4,0
AMGO2406.dbc,202311,4,0
AMGO2406.dbc,202312,2971,0
AMGO2406.dbc,202401,12982,0
AMGO2406.dbc,202402,13723,0
AMGO2406.dbc,202403,14848,0
AMGO2406.dbc,202404,14410,0
AMGO2406.dbc,202405,14178,0
AMGO2406.dbc,202406,9981,0
AMGO2407.dbc,202310,2,0
AMGO2407.dbc,202311,2,0
AMGO2407.dbc,202312,13,0
AMGO2407.dbc,202401,2601,0
AMGO2407.dbc,202402,13926,0
AMGO2407.dbc,202403,15454,0
AMGO2407.dbc,202404,12184,0
AMGO2407.dbc,202405,13987,0
AMGO2407.dbc,202406,14126,0
AMGO2407.dbc,202407,12212,0
AMGO2408.dbc,202312,8,0
AMGO2408.dbc,202401,8,0
AMGO2408.dbc,202402,2414,0
AMGO2408.dbc,202403,15731,0
AMGO2408.dbc,202404,12634,0
AMGO2408.dbc,202405,12078,0
AMGO2408.dbc,202406,14128,0
AMGO2408.dbc,202407,16049,0
AMGO2408.dbc,202408,13829,0
AMGO2409.dbc,202312,1,0
AMGO2409.dbc,202401,5,0
AMGO2409.dbc,202402,15,0
AMGO2409.dbc,202403,1902,0
AMGO2409.dbc,202404,12733,0
AMGO2409.dbc,202405,12073,0
AMGO2409.dbc,202406,12156,0
AMGO2409.dbc,202407,16039,0
AMGO2409.dbc,202408,17389,0
AMGO2409.dbc,202409,15246,0
AMGO2410.dbc,202401,3,0
AMGO2410.dbc,202402,4,0
AMGO2410.dbc,202403,7,0
AMGO2410.dbc,202404,1603,0
AMGO2410.dbc,202405,12250,0
AMGO2410.dbc,202406,12450,0
AMGO2410.dbc,202407,14197,0
AMGO2410.dbc,202408,17180,0
AMGO2410.dbc,202409,18668,0
AMGO2410.dbc,202410,13276,0
AMGO2411.dbc,202401,1,1
AMGO2411.dbc,202403,1,1
AMGO2411.dbc,202404,7,7
AMGO2411.dbc,202405,2587,2570
AMGO2411.dbc,202406,12716,12624
AMGO2411.dbc,202407,14578,14467
AMGO2411.dbc,202408,14957,14862
AMGO2411.dbc,202409,18513,18397
AMGO2411.dbc,202410,16955,16832
AMGO2411.dbc,202411,10235,10170
AMGO2412.dbc,202402,1,1
AMGO2412.dbc,202403,1,1
AMGO2412.dbc,202404,1,1
AMGO2412.dbc,202406,3222,3207
AMGO2412.dbc,202407,14891,14777
AMGO2412.dbc,202408,15513,15413
AMGO2412.dbc,202409,15969,15869
AMGO2412.dbc,202410,17071,16949
AMGO2412.dbc,202411,13278,13187
AMGO2412.dbc,202412,11046,10944
AMGO2501.dbc,202404,1,1
AMGO2501.dbc,202405,2,2
AMGO2501.dbc,202406,11,11
AMGO2501.dbc,202407,2735,2725
AMGO2501.dbc,202408,15814,15712
AMGO2501.dbc,202409,16932,16827
AMGO2501.dbc,202410,15151,15050
AMGO2501.dbc,202411,13402,13309
AMGO2501.dbc,202412,14388,14253
AMGO2501.dbc,202501,13988,13896
AMGO2502.dbc,202405,1,1
AMGO2502.dbc,202406,8,8
AMGO2502.dbc,202407,20,20
AMGO2502.dbc,202408,2716,2709
AMGO2502.dbc,202409,17101,16992
AMGO2502.dbc,202410,15620,15508
AMGO2502.dbc,202411,11546,11466
AMGO2502.dbc,202412,14502,14364
AMGO2502.dbc,202501,16875,16754
AMGO2502.dbc,202502,16822,16712
AMGO2503.dbc,202405,1,1
AMGO2503.dbc,202406,3,3
AMGO2503.dbc,202407,2,2
AMGO2503.dbc,202408,4,4
AMGO2503.dbc,202409,1979,1964
AMGO2503.dbc,202410,15583,15467
AMGO2503.dbc,202411,11906,11824
AMGO2503.dbc,202412,12288,12182
AMGO2503.dbc,202501,16682,16561
AMGO2503.dbc,202502,20328,20199
AMGO2503.dbc,202503,15697,15576
AMGO2504.dbc,202409,3,3
AMGO2504.dbc,202410,2466,2455
AMGO2504.dbc,202411,12137,12054
AMGO2504.dbc,202412,12937,12819
AMGO2504.dbc,202501,14702,14596
AMGO2504.dbc,202502,20106,19980
AMGO2504.dbc,202503,19220,19064
AMGO2504.dbc,202504,14129,13997
AMGO2505.dbc,202410,2,2
AMGO2505.dbc,202411,1863,1845
AMGO2505.dbc,202412,13147,13027
AMGO2505.dbc,202501,15335,15222
AMGO2505.dbc,202502,17665,17563
AMGO2505.dbc,202503,19250,19097
AMGO2505.dbc,202504,17720,17576
AMGO2505.dbc,202505,12858,12753
AMGO2505.dbc,202507,1,0
AMGO2506.dbc,202411,4,4
AMGO2506.dbc,202412,1672,1661
AMGO2506.dbc,202501,15549,15436
AMGO2506.dbc,202502,18069,17958
AMGO2506.dbc,202503,16924,16803
AMGO2506.dbc,202504,17808,17667
AMGO2506.dbc,202505,17357,17231
AMGO2506.dbc,202506,11809,11679
AMGO2506.dbc,202507,1,0
AMGO2507.dbc,202408,1,1
AMGO2507.dbc,202411,1,1
AMGO2507.dbc,202412,4,4
AMGO2507.dbc,202501,2046,2028
AMGO2507.dbc,202502,18075,17963
AMGO2507.dbc,202503,17521,17402
AMGO2507.dbc,202504,15648,15533
AMGO2507.dbc,202505,17409,17282
AMGO2507.dbc,202506,15694,15540
AMGO2507.dbc,202507,14275,14110
AMGO2507.dbc,202509,1,0
AMGO2508.dbc,202408,2,2
AMGO2508.dbc,202411,1,1
AMGO2508.dbc,202412,1,1
AMGO2508.dbc,202501,3,3
AMGO2508.dbc,202502,2477,2463
AMGO2508.dbc,202503,17750,17631
AMGO2508.dbc,202504,16284,16165
AMGO2508.dbc,202505,15400,15299
AMGO2508.dbc,202506,15760,15609
AMGO2508.dbc,202507,18824,18660
AMGO2508.dbc,202508,14780,14657
AMGO2509.dbc,202406,1,1
AMGO2509.dbc,202408,1,1
AMGO2509.dbc,202502,2,2
AMGO2509.dbc,202503,2041,2015
AMGO2509.dbc,202504,16537,16414
AMGO2509.dbc,202505,15948,15837
AMGO2509.dbc,202506,13891,13771
AMGO2509.dbc,202507,18869,18719
AMGO2509.dbc,202508,19142,18991
AMGO2509.dbc,202509,16899,16761
AMGO2510.dbc,202408,1,1
AMGO2510.dbc,202412,1,1
AMGO2510.dbc,202502,3,3
AMGO2510.dbc,202503,10,10
AMGO2510.dbc,202504,2377,2360
AMGO2510.dbc,202505,16275,16164
AMGO2510.dbc,202506,14428,14307
AMGO2510.dbc,202507,16958,16841
AMGO2510.dbc,202508,19211,19065
AMGO2510.dbc,202509,22150,21990
AMGO2510.dbc,202510,14100,13966
AMGO2511.dbc,202405,1,1
AMGO2511.dbc,202408,1,1
AMGO2511.dbc,202412,1,1
AMGO2511.dbc,202503,2,2
AMGO2511.dbc,202504,10,10
AMGO2511.dbc,202505,2941,2924
AMGO2511.dbc,202506,14641,14516
AMGO2511.dbc,202507,17377,17255
AMGO2511.dbc,202508,16907,16786
AMGO2511.dbc,202509,22187,22032
AMGO2511.dbc,202510,18252,18113
AMGO2511.dbc,202511,13132,13042
AMGO2512.dbc,202408,1,1
AMGO2512.dbc,202503,1,1
AMGO2512.dbc,202504,4,4
AMGO2512.dbc,202505,8,8
AMGO2512.dbc,202506,2475,2456
AMGO2512.dbc,202507,17660,17538
AMGO2512.dbc,202508,17709,17581
AMGO2512.dbc,202509,19744,19612
AMGO2512.dbc,202510,18330,18193
AMGO2512.dbc,202511,17432,17329
AMGO2512.dbc,202512,13498,13387
AMGO2512.dbc,202612,1,0
AMGO2601.dbc,202503,1,1
AMGO2601.dbc,202505,1,1
AMGO2601.dbc,202506,3,3
AMGO2601.dbc,202507,2948,2927
AMGO2601.dbc,202508,18084,17955
AMGO2601.dbc,202509,20582,20447
AMGO2601.dbc,202510,16364,16254
AMGO2601.dbc,202511,17494,17390
AMGO2601.dbc,202512,18438,18314
AMGO2601.dbc,202601,14520,14416
AMGO2601.dbc,202612,1,0
AMGO2602.dbc,202506,1,1
AMGO2602.dbc,202507,13,13
AMGO2602.dbc,202508,2849,2827
AMGO2602.dbc,202509,20845,20708
AMGO2602.dbc,202510,16885,16777
AMGO2602.dbc,202511,15603,15523
AMGO2602.dbc,202512,18501,18375
AMGO2602.dbc,202601,18894,18786
AMGO2602.dbc,202602,16461,16364
AMGO2602.dbc,202612,1,0
AMGO2603.dbc,202505,1,1
AMGO2603.dbc,202506,1,1
AMGO2603.dbc,202507,1,1
AMGO2603.dbc,202508,4,4
AMGO2603.dbc,202509,3460,3431
AMGO2603.dbc,202510,17232,17121
AMGO2603.dbc,202511,16287,16200
AMGO2603.dbc,202512,16715,16624
AMGO2603.dbc,202601,19085,18975
AMGO2603.dbc,202602,20285,20176
AMGO2603.dbc,202603,20233,20125
AMGO2603.dbc,202605,1,0
AMGO2604.dbc,202506,1,1
AMGO2604.dbc,202507,1,1
AMGO2604.dbc,202508,3,3
AMGO2604.dbc,202509,14,14
AMGO2604.dbc,202510,2740,2729
AMGO2604.dbc,202511,16469,16378
AMGO2604.dbc,202512,17103,17009
AMGO2604.dbc,202601,17120,17037
AMGO2604.dbc,202602,20129,20023
AMGO2604.dbc,202603,24900,24788
AMGO2604.dbc,202604,16987,16878
AMGO2605.dbc,202506,1,1
AMGO2605.dbc,202508,1,1
AMGO2605.dbc,202509,5,4
AMGO2605.dbc,202510,12,12
AMGO2605.dbc,202511,2645,2633
AMGO2605.dbc,202512,17257,17160
AMGO2605.dbc,202601,17585,17494
AMGO2605.dbc,202602,17770,17685
AMGO2605.dbc,202603,24664,24554
AMGO2605.dbc,202604,20634,20526
AMGO2605.dbc,202605,15840,15766
AMGO2606.dbc,202409,1,1
AMGO2606.dbc,202506,1,1
AMGO2606.dbc,202509,2,1
AMGO2606.dbc,202510,1,1
AMGO2606.dbc,202511,9,9
AMGO2606.dbc,202512,2631,2616
AMGO2606.dbc,202601,17876,17785
AMGO2606.dbc,202602,18363,18272
AMGO2606.dbc,202603,21939,21848
AMGO2606.dbc,202604,20526,20415
AMGO2606.dbc,202605,20407,20321
AMGO2606.dbc,202606,15944,15834
AMGO2607.dbc,202409,1,1
AMGO2607.dbc,202507,1,1
AMGO2607.dbc,202509,2,1
AMGO2607.dbc,202511,4,4
AMGO2607.dbc,202512,13,13
AMGO2607.dbc,202601,2842,2830
AMGO2607.dbc,202602,18511,18470
AMGO2607.dbc,202603,22639,22590
AMGO2607.dbc,202604,18504,18447
AMGO2607.dbc,202605,20429,20380
AMGO2607.dbc,202606,21027,20971
AMGO2607.dbc,202607,16150,16110
AMSP2401.dbc,,1071477,0
AMSP2401.dbc,202310,1154,0
AMSP2401.dbc,202311,23019,0
AMSP2401.dbc,202312,22864,0
AMSP2401.dbc,202401,21471,0
AMSP2401.dbc,202402,1,0
AMSP2402.dbc,,1073217,0
AMSP2402.dbc,202311,1055,0
AMSP2402.dbc,202312,24058,0
AMSP2402.dbc,202401,21557,0
AMSP2402.dbc,202402,21556,0
AMSP2403.dbc,,1071874,0
AMSP2403.dbc,202312,1636,0
AMSP2403.dbc,202401,23075,0
AMSP2403.dbc,202402,21794,0
AMSP2403.dbc,202403,23120,0
AMSP2404.dbc,,1097134,0
AMSP2404.dbc,202401,1343,0
AMSP2404.dbc,202402,22523,0
AMSP2404.dbc,202403,23779,0
AMSP2404.dbc,202404,23794,0
AMSP2404.dbc,202405,5,0
AMSP2405.dbc,,1099413,0
AMSP2405.dbc,202402,1202,0
AMSP2405.dbc,202403,24828,0
AMSP2405.dbc,202404,24187,0
AMSP2405.dbc,202405,20289,0
AMSP2406.dbc,,1109644,0
AMSP2406.dbc,202403,982,0
AMSP2406.dbc,202404,24953,0
AMSP2406.dbc,202405,20406,0
AMSP2406.dbc,202406,22150,0
AMSP2407.dbc,,1171689,0
AMSP2407.dbc,202404,1439,0
AMSP2407.dbc,202405,21421,0
AMSP2407.dbc,202406,22955,0
AMSP2407.dbc,202407,24701,0
AMSP2408.dbc,,1172778,0
AMSP2408.dbc,202404,5,0
AMSP2408.dbc,202405,1140,0
AMSP2408.dbc,202406,23645,0
AMSP2408.dbc,202407,25156,0
AMSP2408.dbc,202408,21589,0
AMSP2409.dbc,,1194703,0
AMSP2409.dbc,202406,1290,0
AMSP2409.dbc,202407,26357,0
AMSP2409.dbc,202408,23275,0
AMSP2409.dbc,202409,18956,0
AMSP2409.dbc,202410,17,0
AMSP2410.dbc,,1223042,0
AMSP2410.dbc,202407,1214,0
AMSP2410.dbc,202408,24141,0
AMSP2410.dbc,202409,20272,0
AMSP2410.dbc,202410,27204,0
AMSP2411.dbc,,1229120,0
AMSP2411.dbc,202408,1447,1366
AMSP2411.dbc,202409,21090,1440
AMSP2411.dbc,202410,29006,1775
AMSP2411.dbc,202411,20257,19638
AMSP2411.dbc,202412,357,346
AMSP2412.dbc,,1218251,0
AMSP2412.dbc,202408,4,2
AMSP2412.dbc,202409,993,960
AMSP2412.dbc,202410,30422,3202
AMSP2412.dbc,202411,21538,20925
AMSP2412.dbc,202412,18552,17977
AMSP2412.dbc,202501,16,16
AMSP2501.dbc,,1260794,0
AMSP2501.dbc,202410,1548,1500
AMSP2501.dbc,202411,22586,21964
AMSP2501.dbc,202412,19908,19293
AMSP2501.dbc,202501,25456,24712
AMSP2502.dbc,,1261055,0
AMSP2502.dbc,202411,1587,1518
AMSP2502.dbc,202412,20605,19971
AMSP2502.dbc,202501,27180,26416
AMSP2502.dbc,202502,22909,22317
AMSP2503.dbc,,1261576,0
AMSP2503.dbc,202412,1053,1020
AMSP2503.dbc,202501,28177,27399
AMSP2503.dbc,202502,24220,23621
AMSP2503.dbc,202503,20703,20208
AMSP2504.dbc,,1244457,0
AMSP2504.dbc,202501,1995,1935
AMSP2504.dbc,202502,25860,25234
AMSP2504.dbc,202503,23012,22446
AMSP2504.dbc,202504,26070,25411
AMSP2504.dbc,202505,18,18
AMSP2505.dbc,202501,2,0
AMSP2505.dbc,202502,1738,1302
AMSP2505.dbc,202503,416236,23039
AMSP2505.dbc,202504,479468,27103
AMSP2505.dbc,202505,436097,23243
AMSP2506.dbc,202502,23,0
AMSP2506.dbc,202503,8471,6963
AMSP2506.dbc,202504,480874,35453
AMSP2506.dbc,202505,466994,31489
AMSP2506.dbc,202506,429035,24183
AMSP2507.dbc,202502,3,0
AMSP2507.dbc,202503,14,0
AMSP2507.dbc,202504,561,93
AMSP2507.dbc,202505,453903,27401
AMSP2507.dbc,202506,451384,24800
AMSP2507.dbc,202507,468282,31854
AMSP2508.dbc,202504,4,0
AMSP2508.dbc,202505,596,417
AMSP2508.dbc,202506,441480,25186
AMSP2508.dbc,202507,491264,32014
AMSP2508.dbc,202508,455139,28496
AMSP2509.dbc,202504,2,2
AMSP2509.dbc,202505,189,0
AMSP2509.dbc,202506,845,818
AMSP2509.dbc,202507,481779,41948
AMSP2509.dbc,202508,477752,55710
AMSP2509.dbc,202509,458612,458027
AMSP2510.dbc,202505,9,8
AMSP2510.dbc,202506,2,1
AMSP2510.dbc,202507,960,858
AMSP2510.dbc,202508,468909,49534
AMSP2510.dbc,202509,478239,477646
AMSP2510.dbc,202510,485486,484844
AMSP2511.dbc,202507,5,5
AMSP2511.dbc,202508,350,330
AMSP2511.dbc,202509,465636,446745
AMSP2511.dbc,202510,499840,468010
AMSP2511.dbc,202511,406697,384700
AMSP2512.dbc,,1,1
AMSP2512.dbc,202507,2,2
AMSP2512.dbc,202508,12,10
AMSP2512.dbc,202509,456,451
AMSP2512.dbc,202510,500207,407772
AMSP2512.dbc,202511,459203,365547
AMSP2512.dbc,202512,452396,451826
AMSP2601.dbc,202510,503,494
AMSP2601.dbc,202511,440710,440146
AMSP2601.dbc,202512,484213,483634
AMSP2601.dbc,202601,468275,467721
AMSP2602.dbc,202510,6,4
AMSP2602.dbc,202511,1111,1108
AMSP2602.dbc,202512,469221,468636
AMSP2602.dbc,202601,490494,489903
AMSP2602.dbc,202602,429186,428675
AMSP2602.dbc,202603,1,1
AMSP2603.dbc,202510,2,2
AMSP2603.dbc,202511,17,17
AMSP2603.dbc,202512,2836,2830
AMSP2603.dbc,202601,473011,472425
AMSP2603.dbc,202602,435138,434619
AMSP2603.dbc,202603,510868,510287
AMSP2604.dbc,202512,4,4
AMSP2604.dbc,202601,814,805
AMSP2604.dbc,202602,409358,408834
AMSP2604.dbc,202603,507069,506483
AMSP2604.dbc,202604,497643,497060
AMSP2605.dbc,202601,7,7
AMSP2605.dbc,202602,19766,19748
AMSP2605.dbc,202603,503678,503080
AMSP2605.dbc,202604,491968,491387
AMSP2605.dbc,202605,471802,471342
AMSP2606.dbc,202601,649,649
AMSP2606.dbc,202602,3705,3705
AMSP2606.dbc,202603,7661,7655
AMSP2606.dbc,202604,494936,494352
AMSP2606.dbc,202605,471160,470698
AMSP2606.dbc,202606,520935,520457
AMSP2607.dbc,202602,19,19
AMSP2607.dbc,202603,813,813
AMSP2607.dbc,202604,808,808
AMSP2607.dbc,202605,463780,463322
AMSP2607.dbc,202606,517026,516547
AMSP2607.dbc,202607,525675,525164
