prefix,file,server_modified,size_bytes,sha256,records,cns_column,cns_empty
ABO,ABOSP2410.dbc,2025-11-14T08:06,65310,33b1ffbf04a2b1be5f0794ba735d0d132fd39a819eddcf901864229e4d798b70,898,ap_cnspcn,20
ABO,ABOSP2411.dbc,2025-12-07T19:28,69350,4bf15420fc54aedf0195bb0686b4e38a4e0d2d1b29b8963a3851b8f08e5da76b,958,ap_cnspcn,115
ABO,ABOSP2508.dbc,2026-09-14T15:00,83731,03c84c4cbfe06d7f0a16bff36d9cc34bc62510e6dd73d5b81ac603cc02bf7b0f,1148,ap_cnspcn,139
ABO,ABOSP2607.dbc,2026-09-14T15:00,123115,8b1504ea55a0ec922337726a3d6c094b70ba9c3ebe77f52950e6829882ab6071,1882,ap_cnspcn,706
AD,ADGO2410.dbc,2025-11-14T08:06,615407,077b93e589cdcc9afaad3e3f9726989c9f7f94a36a9e01759f9f464a023ce312,10912,ap_cnspcn,18
AD,ADGO2411.dbc,2025-12-07T19:29,557704,6fde8496bdfbba5df56dec158d4e78dd40f321d4066c89e9e9d824e3a3ebb207,10074,ap_cnspcn,462
AD,ADGO2508.dbc,2026-09-14T15:00,584253,a711efa330f6dc6f9cbc3f48507c02d642dc0da666f0eb5e2185a309c19fe872,10653,ap_cnspcn,45
AD,ADGO2607.dbc,2026-09-14T15:00,572113,1fe5bc0fa032164cfbb685ba253bd52906bc1fb80938832ab807e2fa1f62c2bc,11924,ap_cnspcn,4024
AD,ADSP2410.dbc,2025-11-14T08:07,7542792,50eaa462392f02a9949b3fda1f4f61d850f2272e7d020812b1cca2d0ebfc1905,101450,ap_cnspcn,2798
AD,ADSP2411.dbc,2025-12-07T19:29,5122713,b4fdbeef067c5464999feb8f2c0ff750b8694b8144faf6630b2f8bd41144289e,92868,ap_cnspcn,10431
AD,ADSP2508.dbc,2026-09-14T15:00,5570771,61bbf25c00867d680144396fede498ff12e0f8c18e4633bfb443e7e3c0ceae9b,103832,ap_cnspcn,17826
AD,ADSP2607.dbc,2026-09-14T15:00,4875733,349f92560eac42f4cf4bbcba1fc8eeeddacb69ec4f23530943cc6023a647047c,110307,ap_cnspcn,56555
AM,AMAC2508.dbc,2026-09-14T15:00,252382,ba45525c5dbd9db50a0a906d4237883246da82195bd329a297251ce9b5db019b,4753,ap_cnspcn,0
AM,AMAC2607.dbc,2026-09-14T15:00,243958,eaba7a694d4139c364cc13447c7e4ee6e06b771285e8cacb9b288e89e07544b1,4903,ap_cnspcn,0
AM,AMAL2508.dbc,2026-09-14T15:00,1015794,b7fcc26c416c25bfed6969a497f613887579f9f5bebe72c1b666ca05b83cfee4,20151,ap_cnspcn,0
AM,AMAL2607.dbc,2026-09-14T15:00,1613858,55d3531434cf53745a85909b88fe90375e95855466a22bcdfff7f3aca467e6b8,34416,ap_cnspcn,0
AM,AMAM2508.dbc,2026-09-14T15:00,639593,f4a7cdc8f794e214212fc2cc04a5e0a9d472b5393771f39613cef9e10a83b0fe,13406,ap_cnspcn,0
AM,AMAM2607.dbc,2026-09-14T15:00,647670,c5cb83854ccb00706d223862b20c14721255aa68791b0dc0c7fa477769986001,14780,ap_cnspcn,265
AM,AMAP2508.dbc,2026-09-14T15:00,284878,97fb52e8c326ed4675a9df9a4b6ee0609c88889cc27c6864552bd1d2140a2f28,5567,ap_cnspcn,0
AM,AMAP2607.dbc,2026-09-14T15:00,144335,ecf86915190b1d46deb15723b5ad0689c1f8536ebd32afff2c4cfdb34a120d06,3012,ap_cnspcn,0
AM,AMBA2508.dbc,2026-09-14T15:00,5308317,3c40dca9ccaa70baee494b286dfa07980a385c59da9414e11455d0823a487735,115034,ap_cnspcn,0
AM,AMBA2607.dbc,2026-09-14T15:00,4996595,8658569b5ccac1ba5d02232707f1bad32ab0c472a8250c8659f7596847199854,122712,ap_cnspcn,2
AM,AMCE2508.dbc,2026-09-14T15:00,8572362,e91b3911318e6d839264f7891dae829053482ce253d1ff6851b5bf25f3e9392e,159070,ap_cnspcn,0
AM,AMCE2607.dbc,2026-09-14T15:00,8715931,7cff426fd7b2e57386855c842395babe307c510927db465232707c494360d957,177576,ap_cnspcn,0
AM,AMDF2508.dbc,2026-09-14T15:00,2802153,894440947ab432ac4a4299edaead3d25970218b5953c0bc3f99b4606d3da8833,50696,ap_cnspcn,0
AM,AMDF2607.dbc,2026-09-14T15:00,2854399,6b1cbe6b560215c0dc025bf94eb20777bf0aaa84aff407e42560a74872b74ca2,57444,ap_cnspcn,0
AM,AMES2508.dbc,2026-09-14T15:00,4577576,2db8f7e9b17b522b43085d73e09c999bc96c0f89f78931be1502be51e1997b2d,86149,ap_cnspcn,0
AM,AMES2607.dbc,2026-09-14T15:00,4279381,826765f604d22fbda1f361446a1ed0fb925c82bf8cbd78265847d134ea3cd4e0,90981,ap_cnspcn,0
AM,AMGO2401.dbc,2025-02-05T21:01,3628858,971ed5de280a5a878289078b51551543e7ba72a1c2a616d822c8ad12f9d25442,60390,ap_cnspcn,0
AM,AMGO2402.dbc,2025-03-07T18:56,4312874,ab97a8fb488cd2f8ee1af59e76713bbb6daebd223dfbde13fcfd804cd827ad35,71438,ap_cnspcn,0
AM,AMGO2403.dbc,2025-04-08T06:54,4105204,134384be98fd9d5ed353bff6230a8b50964642d030fb81fe80a9d03170048b6e,74090,ap_cnspcn,0
AM,AMGO2404.dbc,2025-05-13T12:26,4812622,7ca3340e8c930ed05002bf025f3b5d9ac7d29c80ea45317bcabc8de3e3110bf7,78543,ap_cnspcn,0
AM,AMGO2405.dbc,2025-06-07T15:48,4545494,fd813e6096bc977a28fb1af86fe5ba98b2ed632cdcd07ec28a73217a0205103b,82155,ap_cnspcn,0
AM,AMGO2406.dbc,2025-07-10T10:15,4591801,0051ad0c1674bf2a5375ebb46600293fb6b5e71ab6bd27da20a12133261bb3d9,83102,ap_cnspcn,0
AM,AMGO2407.dbc,2025-08-08T10:28,4659973,757f156c64c12cc2cec2060173fe8c6e607a0f74181a271db5c912ce7c53e807,84507,ap_cnspcn,0
AM,AMGO2408.dbc,2025-10-16T15:27,4786148,87ecac9f773029dfe0e637b24a8e08a822e2e4f1f239801e27adab259b01c2c6,86879,ap_cnspcn,0
AM,AMGO2409.dbc,2025-10-16T15:27,4821353,1e6887a3cef0a4332f5fcd25936893bf77702c5bf3b0a096508cdcf11abf0ea6,87559,ap_cnspcn,0
AM,AMGO2410.dbc,2025-11-14T08:07,4925880,670ee841a152ea7da40a1fc614c8fba4c4eab9aa602c9b6e0869ab7a7d377b50,89638,ap_cnspcn,0
AM,AMGO2411.dbc,2025-12-07T19:29,3885183,8c7785988b45d5f605f3d91746bcf548745a56eaf2c6eae9df703127ea4b03ac,90550,ap_cnspcn,89931
AM,AMGO2412.dbc,2026-01-09T15:37,3909338,30e71447376ff0a5f507ebf607673861d127345dfb8d3582120d5430c2ede6c9,90993,ap_cnspcn,90349
AM,AMGO2501.dbc,2026-02-10T14:45,4098470,e3573b6dcac0e7d0dc2f20990a42f7828f9ca9e6c7ad9c75fc29233ef1a83512,92424,ap_cnspcn,91786
AM,AMGO2502.dbc,2026-03-12T07:39,4243139,5932998386ff380f357b17e7b19cf97c233df3665d6c2243f71fc52744f84bce,95211,ap_cnspcn,94534
AM,AMGO2503.dbc,2026-04-08T09:19,4088200,fad81dc234771263e9c3a917c618a7894c3d7be11c4b9c372603280976e80669,94473,ap_cnspcn,93783
AM,AMGO2504.dbc,2026-05-11T08:01,4154448,7ac26737bcf0fc3fa448b5cd5b4a13edb3c13a119800325a5bc5a44103e696c1,95700,ap_cnspcn,94968
AM,AMGO2505.dbc,2026-06-10T15:46,4216861,c63c84f09dd84a7c46f0c4f9ad7bce4848277881f4c1cd8f4925c4c6e4e1000b,97841,ap_cnspcn,97085
AM,AMGO2506.dbc,2026-07-09T16:14,4374827,abd2003dc56b6f303980aa424e7ef5efd2785967277494f5e858315164d8dbee,99193,ap_cnspcn,98439
AM,AMGO2507.dbc,2026-08-12T11:30,4451896,905d09cf5c1de176bc95b2af26b88ad28b9f5a88818eabedb56785dfc4708ba0,100675,ap_cnspcn,99864
AM,AMGO2508.dbc,2026-09-14T15:00,4477576,ccb3e1a0e7e0973c33ab646bdc214c69525e3c7d9eb984481f4ca143109cfb7c,101282,ap_cnspcn,100491
AM,AMGO2509.dbc,2026-09-14T15:00,4458205,43f4856189ca8a1f0ac6702df15941e1c9fd1d9002723036260bae22d4d0fbd8,103331,ap_cnspcn,102512
AM,AMGO2510.dbc,2026-09-14T15:00,4659660,32eaab95f597d78fbef8006a26b22198ffacc38bd28dd5feda5e7f97aa25eded,105514,ap_cnspcn,104708
AM,AMGO2511.dbc,2026-09-14T15:00,4640104,adf50a0d3a28fba7571b8ad29d0116d721fd2457664ab15c63664c5e12c0a484,105452,ap_cnspcn,104683
AM,AMGO2512.dbc,2026-09-14T15:00,4594876,71f6dcf7a954e1752828100c0603b2cf3e2636869717c6ebf6311c065cf1a564,106863,ap_cnspcn,106110
AM,AMGO2601.dbc,2026-09-14T15:00,4792978,220885d9876d89ea86a65698534847a57c7e440577e05fb1ddef35d63aebc31f,108436,ap_cnspcn,107708
AM,AMGO2602.dbc,2026-09-14T15:00,4559177,eb629249b0f3306fe55b58bbfa547355cca74d6cae886b1b4f94b6ff34746ffb,110053,ap_cnspcn,109374
AM,AMGO2603.dbc,2026-09-14T15:00,5012036,771559a2651b108d9ba654a2246bfa9ba96ce51335d3a372a901197e7d96f84d,113305,ap_cnspcn,112659
AM,AMGO2604.dbc,2026-09-14T15:00,5105775,d3f832cef1a392854ebf0234e38e7547d2d225a17358d8574acafb0759ccdbc9,115467,ap_cnspcn,114861
AM,AMGO2605.dbc,2026-09-14T15:00,5136378,70424cded88540a4da354a26178dfbbd4c4520d97201e169b04ce4406a39919d,116414,ap_cnspcn,115836
AM,AMGO2606.dbc,2026-09-14T15:00,5183365,d333b7914828a4064b7c6819b7f5e59c9b51c57cd33a7344b85ca95fad5af015,117700,ap_cnspcn,117104
AM,AMGO2607.dbc,2026-09-14T15:00,4928656,f757e517a385ecc12bc2bbcc30620653123e21592697d3c1ae5e44a08fc2746d,120123,ap_cnspcn,119818
AM,AMMA2508.dbc,2026-09-14T15:00,1545786,2f677b4eabb11743009fcc3d9300bcf35d94c75c212df50447671a6114f95c80,30165,ap_cnspcn,0
AM,AMMA2606.dbc,2026-08-12T11:30,1580986,f1f48943eda79c8b18ae52554d6297e30f295bca31bb24163f401f36888e418d,29921,ap_cnspcn,0
AM,AMMG2508.dbc,2026-09-14T15:00,10573397,dde5e60c74d8abbd941fa9da3b2bcfa446734024da6484d957496713c28410d4,210848,ap_cnspcn,0
AM,AMMG2607.dbc,2026-09-14T15:00,10209728,8009ad43aca5c0a13ca466272fab96bccc811d20e05d3ef9c4cb76a2acf1906f,223587,ap_cnspcn,1
AM,AMMS2508.dbc,2026-09-14T15:00,1702847,a0a9244c73eb4f5c6eb07c1aa8a0975971c15c60e4cf45ad2cd63bf1012002b4,33634,ap_cnspcn,0
AM,AMMS2607.dbc,2026-09-14T15:00,1702550,87e7ae69314d00e38095f4cabf157293dd05d9f96dd3999bd59d2822be352e0f,36716,ap_cnspcn,0
AM,AMMT2508.dbc,2026-09-14T15:00,1637101,fbffc56926117d8110b676d562180f765c75e735aa0ad60528b06f66551bb1d8,30242,ap_cnspcn,0
AM,AMMT2607.dbc,2026-09-14T15:00,2092984,621c2fe4e9c2d96b4cd911dde41aebd928549a431d16e345214abd7ed571ccb9,41342,ap_cnspcn,0
AM,AMPA2508.dbc,2026-09-14T15:00,1150707,94592a2cfa00c4c3e098e277ae8831ba9fb866d1f7e3dc71d051fe1c564a6e7d,19847,ap_cnspcn,0
AM,AMPA2607.dbc,2026-09-14T15:00,1198077,1e59ec80f06c0da6fb290052a229f9e57dc04df4617cd8430754679fda8c7182,23028,ap_cnspcn,0
AM,AMPB2508.dbc,2026-09-14T15:00,3736244,872ea83c8576a3afbdc05c920d665f18df39d32540b886c6de76d289e4b50cfa,71710,ap_cnspcn,0
AM,AMPB2606.dbc,2026-09-14T15:00,4000935,1bb9735e69d41b8aa22cbf02b8e83ce13311afe79ad5b8500873bfa846b6daec,76793,ap_cnspcn,0
AM,AMPE2508.dbc,2026-09-14T15:00,3656522,f3d2db0675686fd696542e3460f5cae6ecff6ddf8b7157db679d4ce46be3659b,80825,ap_cnspcn,0
AM,AMPE2607.dbc,2026-09-14T15:00,3893495,40ade17c50a95d8b0f11b5e5bcf741bdb23bbcb39cb13c71643aadfc7c8c7bb5,90771,ap_cnspcn,0
AM,AMPI2508.dbc,2026-09-14T15:00,1113709,f16a5e35d78b68b2234bdd9e415e0da2600a15b3fa77a872b92e433bbb5899a8,20715,ap_cnspcn,0
AM,AMPI2607.dbc,2026-09-14T15:00,1111643,3a363be46c9eedf88aea9bfca9bdcedb190014e025fe15ec09a3f64a36b510e8,22129,ap_cnspcn,0
AM,AMPR2508.dbc,2026-09-14T15:00,21637621,04b0f149d871d1f28005b144cd645f522b4d920770d23d4b8c13ef611e48fd1d,430470,ap_cnspcn,0
AM,AMPR2607.dbc,2026-09-14T15:00,22215791,b83fae67503b22478a975f4c04b8fb42ddaa7566e044012f6fb62305feb72e48,490476,ap_cnspcn,0
AM,AMRJ2508.dbc,2026-09-14T15:00,5581339,8dd4db91108d3a14f5803906ffef48d22584e321fbb4da1adc85f204fa2db186,97256,ap_cnspcn,0
AM,AMRJ2607.dbc,2026-09-14T15:00,6392816,57c06a546c85e7efc79dac75585588a90e066f8d8011df0cefb03ea346ddef29,108181,ap_cnspcn,27
AM,AMRN2508.dbc,2026-09-14T15:00,3000873,507cf6aa9c8ed083cbc20609eb2ca461434dddfe68206ee2e83387fe1ab98c73,53727,ap_cnspcn,0
AM,AMRN2607.dbc,2026-09-14T15:00,1827084,26b6ab19450616d10e85ee24695e9e241a35c0e717a0b75e592b426f9a9369a2,30644,ap_cnspcn,0
AM,AMRO2508.dbc,2026-09-14T15:00,551924,6a47d274c9c10ab95c6e1fc228c29f0d2ad5bba5efd0f6d2c984cd44d12466e0,9774,ap_cnspcn,0
AM,AMRO2606.dbc,2026-09-14T15:00,1036936,d283d0420c2c77b1d988061a352871a7a81efb80931929fe206f4404776aefcf,18286,ap_cnspcn,2
AM,AMRR2508.dbc,2026-09-14T15:00,70019,33fe8d6192665e22dc7eda829d2efd641d017f4ab7fff7466a7fd91b4edf211e,1744,ap_cnspcn,0
AM,AMRR2607.dbc,2026-09-14T15:00,78431,0b9b299166fe76661e75b0bc0caada93520616a7cafb19f43f0a555d28016e7e,1954,ap_cnspcn,0
AM,AMRS2508.dbc,2026-09-14T15:00,7860373,e3f246f70c0201e9781a4e38016da310946342beb34ee947befe62dcb58c999b,155097,ap_cnspcn,0
AM,AMRS2607.dbc,2026-09-14T15:00,10958165,dc557e139d923c6765a84e438c8dd890ad06ddb40d957ecc57c589c7e76597dc,193701,ap_cnspcn,0
AM,AMSC2508.dbc,2026-09-14T15:00,8562840,aac39a768e26f194d967caed5d80d69a5e5c17a71f6eb3df731aca1c131fc204,187854,ap_cnspcn,0
AM,AMSC2607.dbc,2026-09-14T15:00,10121372,25fde8fb4cd6deaf964527a75522fcb846ca8286dc965ffedbafbaa659bcfc4c,209653,ap_cnspcn,0
AM,AMSE2508.dbc,2026-09-14T15:00,1299739,e929ca009811b64618828f37277db137428413a6e0800d8e8a1b850a5a41b81a,23365,ap_cnspcn,0
AM,AMSE2607.dbc,2026-09-14T15:00,1484582,666267463ef220d11cdfe81064ff0a308ee2fe0a98aa8f0baf49b891567316f5,25816,ap_cnspcn,0
AM,AMSP2401.dbc,2025-02-05T21:01,64077383,ac8f357aca197d3f1cfca2bdf338627cd2bb03959d85ce0b4da6042220aa047c,1139986,ap_cnspcn,0
AM,AMSP2402.dbc,2025-03-07T18:56,64316763,de1a9a22cd5df00123951867f98c26f42b3aaba1747a208f16d78e3bdd3e9286,1141443,ap_cnspcn,0
AM,AMSP2403.dbc,2025-04-08T06:54,52234593,2834724bbbc46b03fbcb70881154f528124b08e2ae8d759edfd68e1b4c1736d7,1141499,ap_cnspcn,0
AM,AMSP2404.dbc,2025-05-13T12:27,69569523,0d4ac13a309bc78a0db90f5f93d4e0acea5b86486b7d2a932f9440a39d35ddb8,1168578,ap_cnspcn,0
AM,AMSP2405.dbc,2025-06-07T15:49,53578489,6ed7975a7563237d1705feb51a2f30ba156f057d98e96890cfa68bed24fd9557,1169919,ap_cnspcn,0
AM,AMSP2406.dbc,2025-07-10T10:16,54005941,fd9b745add219f9d0ebe465dd324df22a265e018dc1f6af81cad3d809d3fa1c4,1178135,ap_cnspcn,0
AM,AMSP2407.dbc,2025-08-08T10:29,56470337,9cf734b8f9a27bf1406d0c136cbcf07046a79775f0c354b14bd738af8cb61ff5,1242205,ap_cnspcn,0
AM,AMSP2408.dbc,2025-10-16T15:28,56536469,e58daa04b5873a29054c1ea0535a6fe8df61f317abafdccf22c5b616bf1b5b59,1244313,ap_cnspcn,0
AM,AMSP2409.dbc,2025-10-16T15:28,57685537,4af2c2cd5f42e5be07a6bbe3d91db1cbe331184632a53a57fc24830f2f32e662,1264598,ap_cnspcn,0
AM,AMSP2410.dbc,2025-11-14T08:08,76624803,27c30fc2ccf129d13125ede8e72de32c3d3cb46d78a05de12a3cd8a835299943,1295873,ap_cnspcn,0
AM,AMSP2411.dbc,2025-12-07T19:30,58903730,5f3947d7711737f349a276b99dc68c165a0f7b8d5ec40f0bc68428c736bd09d7,1301277,ap_cnspcn,24565
AM,AMSP2412.dbc,2026-01-09T15:37,58223355,ed6dccfa60e82222f604a5a21211a267441cd8a877a21c3bcadc30744e072d75,1289776,ap_cnspcn,43082
AM,AMSP2501.dbc,2026-02-10T14:45,60062204,bf58c140898c068914392774a05ea10c67206b84e92ecc2f19cc2ab5e258af1b,1330292,ap_cnspcn,67469
AM,AMSP2502.dbc,2026-03-12T07:39,60158404,46a31c8e5110329f11e70b4c69d6a8d41a3fab9964eb9f8107d1db6e26caaef8,1333336,ap_cnspcn,70222
AM,AMSP2503.dbc,2026-04-08T09:19,59808973,f942d4d5173ecda8a8642e2edfd42f3a0b66d496af7c4043c29d35e1b926308b,1335729,ap_cnspcn,72248
AM,AMSP2504.dbc,2026-05-11T08:01,59322865,e14f560028758f3550584a7beae7a2cc472ae35378c37cd0aed8e290c64f15ef,1321412,ap_cnspcn,75044
AM,AMSP2505.dbc,2026-06-10T15:46,80335309,3827d891c4c2d558b47242531902030d7fc3a9183f555d4b4a7badb164337ff8,1333541,ap_cnspcn,74687
AM,AMSP2506.dbc,2026-07-09T16:14,66939368,26c031132647af62b86539d6af5bed4cfce0be6f37b424a272b2dae8f158ae24,1385397,ap_cnspcn,98088
AM,AMSP2507.dbc,2026-08-12T11:30,82176156,046eecc09d21201f6c17d7d0205934206e97d26831e21c52cbff4f5197e0e879,1374147,ap_cnspcn,84148
AM,AMSP2508.dbc,2026-09-14T15:00,67392234,40798c7295e33a66282d8cfcea2a15461cabf23e34355a65bae616481f670a3f,1388483,ap_cnspcn,86113
AM,AMSP2509.dbc,2026-09-14T15:00,64568174,dea2c707b0d081af2285461644999e3c64f4d0df79fae0773573d9aed0482e54,1419179,ap_cnspcn,556505
AM,AMSP2510.dbc,2026-09-14T15:00,59893873,9af468383070440d03ac16100540e2548494313dbdb7dcdbf53b8dca86732ff2,1433605,ap_cnspcn,1012891
AM,AMSP2511.dbc,2026-09-14T15:00,52639783,ef9f48b5a0b24a8783c02486fa1d9d44573e6f86f8a4a4ddd90dd9280b65c4ad,1372528,ap_cnspcn,1299790
AM,AMSP2512.dbc,2026-09-14T15:00,55199013,58ecb9c670628b590186fc64538b9a5dcb48838396414e689f360d8e8820d0c8,1412277,ap_cnspcn,1225609
AM,AMSP2601.dbc,2026-09-14T15:00,67087460,cdcdc616f1ce9a8d361367f8e5ed756d4bb0c338b7a8a5522d921a8c1bbe20f3,1393701,ap_cnspcn,1391995
AM,AMSP2602.dbc,2026-09-14T15:00,44067962,f74f2782ce9d63e7068da4425be6496a40e84f5c73306ed68e360f7d6a4e0f3c,1390019,ap_cnspcn,1388327
AM,AMSP2603.dbc,2026-09-14T15:00,52194783,1aac678de1ff2cb543dd3dda33e37aa4b5ab87a9889d2d8015143f0258216bf2,1421872,ap_cnspcn,1420180
AM,AMSP2604.dbc,2026-09-14T15:00,51481121,0943781d057f01725af5cebb4fcb6acace1d9440b676fee831a9f9dd1b7aea00,1414888,ap_cnspcn,1413186
AM,AMSP2605.dbc,2026-09-14T15:00,53316629,fb3307d31ac88aee2dc632b12db281212c7f62a5f6ea286f870f85a953bc3c07,1487221,ap_cnspcn,1485564
AM,AMSP2606.dbc,2026-09-14T15:00,54067132,03a9cc2203e43d04625035047c7ddd34e3f2e1b34cacc08298abc7e5e71bc9f9,1499046,ap_cnspcn,1497516
AM,AMSP2607.dbc,2026-09-14T15:00,69521493,53b8ea685df31e7e94bf04071ce23b72ef60a0a1fe65e095c0df91880b8dcec1,1508121,ap_cnspcn,1506673
AM,AMTO2508.dbc,2026-09-14T15:00,239217,6dabfcede925622bd68c92a5286cee66de58485904c6f0c7f1da956d3df42f0a,4160,ap_cnspcn,0
AM,AMTO2607.dbc,2026-09-14T15:00,288574,ac66cde4c7c88c532b9beffe9c37b03457ad081861101572ff709f7041914ac1,4991,ap_cnspcn,0
AQ,AQGO2410.dbc,2025-11-14T08:08,637522,2a584b2d4cfb36c8375f13dc8b10b5fd2818957fbee6ceaa13d5f2700ab61e93,8220,ap_cnspcn,0
AQ,AQGO2411.dbc,2025-12-07T19:30,646600,32c7352b4cdaf20df9054e08e72ea43257d46a96cca8f5ff46772f41e7905ee5,8333,ap_cnspcn,2810
AQ,AQGO2508.dbc,2026-09-14T15:01,704200,3d968641b120561d36d804fcf7902572c1d3bf11cd414c9e5fc40d3b133fdfbd,10123,ap_cnspcn,7284
AQ,AQGO2607.dbc,2026-09-14T15:01,651697,89167d6cf94e7b18513d5894fd2acca009facbdacc9a553738220e402951069f,8963,ap_cnspcn,5868
AQ,AQSP2410.dbc,2025-11-14T08:09,9987353,7813cb58cd5c9ead86f6049aa2ba993c494521b4b00ccc57b3d01669d82e664f,95183,ap_cnspcn,1597
AQ,AQSP2411.dbc,2025-12-07T19:31,8187619,282379dab98785800a4c909c21810fa626b04cd6a255a7099f1d3bbfbc2b6325,93692,ap_cnspcn,12970
AQ,AQSP2508.dbc,2026-09-14T15:01,7502572,30b89834187b50873c0a0e7e8219856b56866f36e7bc8ab881169e69dfc301ab,98005,ap_cnspcn,10253
AQ,AQSP2607.dbc,2026-09-14T15:01,6953565,6d8ac5cf8e8fe092c03308971a4f149666b1f80bc2872655baab6e3f215822fd,95648,ap_cnspcn,31519
ATD,ATDGO2410.dbc,2025-11-14T08:09,254978,067f71a1db2b2cd071174e4e342af5ccf859d63d82f67093f2a339c16b8c75df,4201,ap_cnspcn,3
ATD,ATDGO2411.dbc,2025-12-07T19:31,255139,07a0720232ed5e7506f775891f2c297b15aaaff06b31139a95170b0251270842,4209,ap_cnspcn,1
ATD,ATDGO2508.dbc,2026-09-14T15:01,255469,aabe3298eab10de4842d4a38333100c0d34730a7c49fc375edb912db01f0bbf4,4272,ap_cnspcn,132
ATD,ATDGO2607.dbc,2026-09-14T15:01,190116,806bb773d564e03f846e8ce44481d863eaaf3287293d3823dc71166777dc0c78,3991,ap_cnspcn,3078
ATD,ATDSP2410.dbc,2025-11-14T08:09,1983660,8f0f4db1475d24884ebecbffc1c975a371908e88cecb6d908b9c5043646ad24d,29222,ap_cnspcn,143
ATD,ATDSP2411.dbc,2025-12-07T19:31,1714745,9a4b510b5bbf2980faa23927120855d2ea52c652658cd5dc2ecf235f61d8c45e,29211,ap_cnspcn,974
ATD,ATDSP2508.dbc,2026-09-14T15:01,1768230,32e03ddcc7364baa888be86fd887fb84e953a4a074a72e05c635be27f7fb5e2b,29863,ap_cnspcn,1753
ATD,ATDSP2607.dbc,2026-09-14T15:01,1464717,0398ea3093cf53641f98239ecd128edf676ea9dc1d0f86e2777fbd5342c03df4,29778,ap_cnspcn,21504
BI,BIGO2410.dbc,2025-11-14T08:11,42694632,d7de6e3380ce4a3eea8750832e7cecfbb6a946a8c237edfa1753a2135a7d08d8,946455,cns_pac,24779
BI,BIGO2411.dbc,2025-12-07T19:33,38793591,292efae57cb52df814783f1fae7165daacf82ca96da229f93b8d7dc9021d0729,901395,cns_pac,43940
BI,BIGO2508.dbc,2026-09-14T15:01,61055857,a4a3cfb2e55770a953ece1885874a35de1981a56465f61e0e05cad0ba875de4f,1203978,cns_pac,91358
BI,BIGO2607.dbc,2026-09-14T15:01,51058190,04d51ee502fb379ed83faeab2365f6ddc76aaf7ca01ed342fd65ee94594bebd9,1360439,cns_pac,1143061
BI,BISP2410_1.dbc,2025-11-14T08:23,182934911,100849afee751c71e766172b86e7a03ee3d305fb30e4b65626c3ce0d1a7e0a1a,4799021,cns_pac,173208
BI,BISP2410_2.dbc,2025-11-14T08:23,194233825,dfeedf571bc25a4900555862c47b057edf2b3bdffae1842483023b2ef49b2e06,4700070,cns_pac,141216
BI,BISP2411_1.dbc,2025-12-07T19:42,180231223,5d0b223460e98a36fcdb29a889befedcab5e26d5d1a63a89a7958ef68d7146d6,4774533,cns_pac,370280
BI,BISP2411_2.dbc,2025-12-07T19:42,179032441,8cf1a93f6bd1a43b7ea22dff90c55db6034e9c91731196c388a465b9340c33d8,4432868,cns_pac,244739
BI,BISP2508_1.dbc,2026-09-14T15:03,192557668,43f875aed14b598fb7c510b559a168a65a28d214efd1c4ae4acc67f28a9df893,4648392,cns_pac,1213084
BI,BISP2508_2.dbc,2026-09-14T15:03,224857332,c4cd8b601c743474a881e2a94c4955dff4d4260b6f808686cd0239cba6875a87,4797017,cns_pac,1127969
BI,BISP2508_3.dbc,2026-09-14T15:03,90634637,98e8a8673ee62d0dffaefe0f6d9681eb425cd1d4688b5a87d3547d7d89e3be61,1706160,cns_pac,679834
BI,BISP2607_1.dbc,2026-09-14T15:04,166148330,4f9b6961db6829bde3abe58b84cef448f453f5a87c84ce96661b2c1bbdd06aab,4541960,cns_pac,2640955
BI,BISP2607_2.dbc,2026-09-14T15:04,168971604,60dcb83644830a535e897e833d83d73764327c50d3d2f663f27d9004d24bed32,4755545,cns_pac,3190551
BI,BISP2607_3.dbc,2026-09-14T15:04,112955074,dc90859c38630f31e924c13e359ad68ec2889738e2b147a1cae4acea65a4eb3c,2637401,cns_pac,1880234
PS,PSGO2410.dbc,2025-11-14T08:43,901610,3d561e62eda54f8eabcd70f0125b93d60b60df5dd2a6c89f39f78aa78ca8d70b,32494,cns_pac,0
PS,PSGO2411.dbc,2025-12-07T19:58,671040,7ddbfd00eee21d070f742d3fc550e6c47def8e86d0f5efac54a17c0a2c59b10a,28064,cns_pac,0
PS,PSGO2508.dbc,2026-09-14T15:07,900311,0143ab78d29fad100459d07ee54df49b61c8529b222072ff50e29b1770256875,34623,cns_pac,0
PS,PSGO2607.dbc,2026-09-14T15:07,582163,0a593ab54a40181086b3a147a66c66e49eb7727e121017dcbb3375e274f346ae,25378,cns_pac,0
PS,PSSP2410.dbc,2025-11-14T08:43,5115869,98e6bdbded2c50f1a8e75d7f8fc04fb83a0d4b9e0918bab8f89b599f3cf3cb00,471874,cns_pac,0
PS,PSSP2411.dbc,2025-12-07T19:58,7949392,df08481f514d6054b04b2f5ea28aa37d4122e14637f9cb650cb938b59434203a,418281,cns_pac,0
PS,PSSP2508.dbc,2026-09-14T15:07,10705368,bf27f6f082c8a31794371b7fd22e2a9066b64ed375fb10b54b206a4e1774c3d1,506050,cns_pac,0
PS,PSSP2607.dbc,2026-09-14T15:07,7860960,b65b8d10e7966279a38afae36777dca46e33a21af94e590eb343524317d594a2,412988,cns_pac,0
ABO,ABOAC2607.dbc,2026-09-14T15:00,3350,622da388693961277a076c4e8d291b3ff19ecc4c31061913907d4e2d4992fa6f,10,ap_cnspcn,0
ABO,ABOBA2607.dbc,2026-09-14T15:00,5503,4cbbf456955063d82275d5e3c27bf6fb67d6aeddd3faa33202fa747a93936538,44,ap_cnspcn,0
ABO,ABOCE2607.dbc,2026-09-14T15:00,4808,d5cc15680bc6cddcf81ab5d6f46a7084104a807b2f50294bb9f3945b089e587d,45,ap_cnspcn,45
ABO,ABOES2607.dbc,2026-09-14T15:00,8607,639c3b44d122741dc3ef78bc12f7d837300a0e78e74ee5e0d72dc0980a0c9087,125,ap_cnspcn,67
ABO,ABOMA2607.dbc,2026-09-14T15:00,4535,42a1342ce1e67262e8feb7367a4a2c24977a473992508f5139795fb2e7953997,36,ap_cnspcn,0
ABO,ABOMG2607.dbc,2026-09-14T15:00,18765,757c94b026f6fdd9c0fea19e41d906a19ba04136a36518bd3c44a8671fe20a40,269,ap_cnspcn,86
ABO,ABOPA2607.dbc,2026-09-14T15:00,3425,2b2de131cd0beb9d92785299b6098775763bafda0ab3555c37cb098100e45d97,12,ap_cnspcn,12
ABO,ABOPE2607.dbc,2026-09-14T15:00,11207,fb465c1af35ac3a9dd952a4aa5e8e98eaae4f4eaf9c43f763338f7f4afd0d15a,149,ap_cnspcn,54
ABO,ABOPR2607.dbc,2026-09-14T15:00,61059,eda848f01e7a8723f967e0692a90aa02c05b1c1187952fc866711e06188a361f,884,ap_cnspcn,200
ABO,ABORN2607.dbc,2026-09-14T15:00,4305,fa14656aca2637b98ef71cf3128fb9204aacb05c80f6ac7f906daa12d8407eea,40,ap_cnspcn,37
ABO,ABORS2607.dbc,2026-09-14T15:00,33094,eabd1c3eccf17c7caffe96acf365a3ef718f1d89f20cc0469f4273683d027314,538,ap_cnspcn,74
ABO,ABOSC2607.dbc,2026-09-14T15:00,26696,42f885910383beab44dee5c1342c54f2370d726b916afe2ff3aed6117237ba90,453,ap_cnspcn,180
ABO,ABOSE2607.dbc,2026-09-14T15:00,3843,eb6a2f2b133b50ebdf36e2bb346e3657bb3299e724bf80158d49da7c814797fe,22,ap_cnspcn,22
AD,ADAC2607.dbc,2026-09-14T15:00,10236,8817deb83d7e33b536c0e66b904176865219d13ee5a8027879feb113e0888444,266,ap_cnspcn,25
AD,ADAL2607.dbc,2026-09-14T15:00,239835,f626b2fbf79b5f751f3ee96ecd51cfa8c3e17106b56fc190e241b14e4b46c3cb,5094,ap_cnspcn,1762
AD,ADAM2607.dbc,2026-09-14T15:00,217246,5a686484bbdbc41f0b11f911c93538d83d3e0150e3c5c8dc2c9ac194bcb02707,5422,ap_cnspcn,1943
AD,ADAP2607.dbc,2026-09-14T15:00,118457,6ef6aae4558feced0c3eac1f48ea69da63c3ed665b1c58789976a60e6267c01c,3836,ap_cnspcn,113
AD,ADBA2607.dbc,2026-09-14T15:00,1261985,8acdb1379884ecebc9e764db23919170b8ddc250f0dd6ca6f2baf5c456838cdc,27023,ap_cnspcn,14879
AD,ADCE2607.dbc,2026-09-14T15:00,589474,ad6e05344143745d7e3f15242ae06be366cedb68863e233b993f049d0c831735,13608,ap_cnspcn,8526
AD,ADDF2607.dbc,2026-09-14T15:00,181336,24f08df6b955afab9e90633a86fc5ed0e5001f8324f826a56ad2fe8b018bd1c2,3446,ap_cnspcn,113
AD,ADES2607.dbc,2026-09-14T15:00,481344,0d4299dfc411f647ac0a4efefb0a0b09a6ec6fe29f79095e96f3d22d4952d942,11021,ap_cnspcn,4212
AD,ADMA2607.dbc,2026-09-14T15:00,138732,b9a7609bd28ba499d4c622497b04bd7b95f0b588fd8610777edaad1ddf1f1a04,3297,ap_cnspcn,401
AD,ADMG2607.dbc,2026-09-14T15:00,2598691,8d44d1a01a0668880dcf87f011aedc89164a4b7d1cf9e033eb91f4ddaf9c3863,53462,ap_cnspcn,20175
AD,ADMS2607.dbc,2026-09-14T15:00,171130,bd84af89a6efb1e47f80e7993fc7aa8c6d3b2e530e2cfdb036dfff969e1b9ef8,3163,ap_cnspcn,1335
AD,ADMT2607.dbc,2026-09-14T15:00,106426,d17d58ceaca5af392374e124f1803e82d1487dcdc4b6b89b7c1f84680726a7a0,2610,ap_cnspcn,2050
AD,ADPA2607.dbc,2026-09-14T15:00,242378,70c5f64acde20fc0c416d9e832cc5f7ff08915af69feed94c849407c5717a11d,4650,ap_cnspcn,815
AD,ADPB2607.dbc,2026-09-14T15:00,164000,3d074e4de9169c02a5c767bf2444de2bef37c8756200fc0cffd01e92da1cd4f9,3397,ap_cnspcn,2815
AD,ADPE2607.dbc,2026-09-14T15:00,894980,9790c7235188e3b2553b5527a20571c86732e3d605861122fb4046dbdf516d15,22270,ap_cnspcn,14849
AD,ADPI2607.dbc,2026-09-14T15:00,175009,6c067c7109ef5c57cbb25d7601122d7361cb56f5cd853fe18aa7436653b2f77e,3629,ap_cnspcn,1838
AD,ADPR2607.dbc,2026-09-14T15:00,1799191,14644853d6d3663072480a3139dd494173ae8f39529db2c4716cbb98e07e43a3,39866,ap_cnspcn,24735
AD,ADRJ2607.dbc,2026-09-14T15:00,1167143,927a9d241277095449fd78875e95d1b7251593f3edc7e25a5443d6980e76744f,28213,ap_cnspcn,12109
AD,ADRN2607.dbc,2026-09-14T15:00,368991,d6bac94e94728e4ff699dc5a23fa4bd834f8e76491ea4b3101660d49d3f261be,7506,ap_cnspcn,2338
AD,ADRO2607.dbc,2026-09-14T15:00,1661,1ea15eeef08d7264682cbe4b906e92b57d840feb29b1c585741bc08cb88e71f4,1,ap_cnspcn,0
AD,ADRR2607.dbc,2026-09-14T15:00,23588,f9716dae79d61b96af23cf472d2edebaeb7d33b66ed4e0919b0cc4f41eca2206,545,ap_cnspcn,46
AD,ADRS2607.dbc,2026-09-14T15:00,1351823,616af66708d7bbddb1d6c73128ac48a1a82e8ee9575a3d77ec6cfb3014b45db2,29509,ap_cnspcn,12467
AD,ADSC2607.dbc,2026-09-14T15:00,1547303,3af9ef01f71b40598dc436589e280b85e1000fcb40b792bcbc60d62dfb06cef5,32543,ap_cnspcn,9603
AD,ADSE2607.dbc,2026-09-14T15:00,102350,d463fd6e1c8d22f99fd2edc3e26295e3656b8efc55f53580d3a9db9981c8a13e,2741,ap_cnspcn,2493
AD,ADTO2607.dbc,2026-09-14T15:00,64505,3e30b68b046b467c4226ca60fe13de2dfd724db60543c6ac2a4358291545c793,1397,ap_cnspcn,320
AQ,AQAC2607.dbc,2026-09-14T15:00,34952,084ef433cb3f97a4336c2088f16fce1a7d9e222fe45ee3e1ad955331d1a7fdbf,490,ap_cnspcn,469
AQ,AQAL2607.dbc,2026-09-14T15:01,411175,6f467486774ae634cb321bcb32120bca3d6a98d247bd20eaa42d3f663630c19a,5646,ap_cnspcn,2829
AQ,AQAM2607.dbc,2026-09-14T15:01,160156,c5c6c2fd66734ef72d415c16e56e5bcbaffba9457308baf83f277cad522c23f4,2206,ap_cnspcn,10
AQ,AQAP2607.dbc,2026-09-14T15:01,49344,e0a96fe3b857ea8bdd1d150d333ad738080e521296522b8f25691d5255cb1f39,813,ap_cnspcn,1
AQ,AQBA2607.dbc,2026-09-14T15:01,1824426,b4cbbddeaa7ae2a24984627fd25e030a479e02c65fc912ccd9476597e6077273,25187,ap_cnspcn,15419
AQ,AQCE2607.dbc,2026-09-14T15:01,1134165,4d58b6a11afe07482dbfb8ef023fa67bcbf39b06a5dd19a5e5e8d9223379ddd4,16358,ap_cnspcn,11997
AQ,AQDF2607.dbc,2026-09-14T15:01,510073,9350291134b3ac5acae4b299a71712887c1a625a085b19e220b9d5e9a7ac74e2,6704,ap_cnspcn,360
AQ,AQES2607.dbc,2026-09-14T15:01,790716,6e30df61bbd048623dfd34362bb414aeeb5879c8759380a5c56bd80606dcbcb0,10267,ap_cnspcn,466
AQ,AQMA2607.dbc,2026-09-14T15:01,340319,41b07b6e6798d95c091e09d3e40c72a439162c10b6f41c70c2c07e63c1070b67,4998,ap_cnspcn,0
AQ,AQMG2607.dbc,2026-09-14T15:01,3878677,89117f70e9e3ace05e91498aea09b75fa102fb62c394f676f9264f9b271cd445,52802,ap_cnspcn,13524
AQ,AQMS2607.dbc,2026-09-14T15:01,287410,a013dd2cd35fe03e089aff38d9c92816763ca96a2009ee6242fe0a9d047863a7,3595,ap_cnspcn,1076
AQ,AQMT2607.dbc,2026-09-14T15:01,386103,f4ed29ade6084da2bea092e458eb1ab9b598866434b35b53c0636d59db090621,5088,ap_cnspcn,366
AQ,AQPA2607.dbc,2026-09-14T15:01,401332,94d925134f668bad6aca815b412a9971c20ea79a198cf795d89899041d4f3510,6018,ap_cnspcn,113
AQ,AQPB2607.dbc,2026-09-14T15:01,495924,e7c82e4c40e4a2db5a8f615a7712e713767aebd16deff79f51c992394c9bab63,6830,ap_cnspcn,5595
AQ,AQPE2607.dbc,2026-09-14T15:01,1190727,cc708a7473075a5f00644af716d4c9afb76e80d68ce530e59236c908bcb6f7ec,17797,ap_cnspcn,11694
AQ,AQPI2607.dbc,2026-09-14T15:01,481204,1ae75e2ec5fa1fae9b9150c5c806672a8008f5e5a98c49606eeff0dddb992c6c,6354,ap_cnspcn,1311
AQ,AQPR2607.dbc,2026-09-14T15:01,2562096,6355cb336eb1cccfaeda28080445b753e10a11ff1c62da0aba37e1d4c2fd489a,34221,ap_cnspcn,6870
AQ,AQRJ2607.dbc,2026-09-14T15:01,1943515,ff3c8aee59d4d7f902e2a37c79985f0e59db82f4d561e29c5ae761b9bda28f7b,26547,ap_cnspcn,5124
AQ,AQRN2607.dbc,2026-09-14T15:01,654592,f9214ffc6266db5e4caa1b713d4d21762d1e208af0edc6a8b5c491db54b68b9a,9052,ap_cnspcn,1611
AQ,AQRR2607.dbc,2026-09-14T15:01,36330,fe0038ef83f59fe8975e880a86ff3f6868faa604f41b840bb9d4ad8f84e69473,608,ap_cnspcn,524
AQ,AQRS2607.dbc,2026-09-14T15:01,2753907,e7ff530642b4fabca16e0e91cc60acaf0c01ef01823312acb4dd284fa3e9ae7a,37195,ap_cnspcn,7622
AQ,AQSC2607.dbc,2026-09-14T15:01,1754666,f9d9f97688449b29a16f2fdc5345f390781aa8137d6bdb6025e7ff4d629ef6e0,23109,ap_cnspcn,5020
AQ,AQSE2607.dbc,2026-09-14T15:01,384920,b549d385907e9cbe372eeb6e5d246df982eb90d65ce56532b3204816f84be3ef,5638,ap_cnspcn,668
AQ,AQTO2607.dbc,2026-09-14T15:01,189690,cbe7f3c0c15878c2543296bae6d87316a6129bfdef73d2c176b58105ff45ee09,2675,ap_cnspcn,0
ATD,ATDAC2607.dbc,2026-09-14T15:01,24532,af1b9b1dfa2eed000226a467da350abf04abe7187d39cc5cf679404abe9c2c20,653,ap_cnspcn,562
ATD,ATDAL2607.dbc,2026-09-14T15:01,116286,5b96d0ae7c6507a2675bfa35ebfeb01765bd92aa9219607aa307961c8d7b68a2,2408,ap_cnspcn,1233
ATD,ATDAM2607.dbc,2026-09-14T15:01,47565,42ce75a34f8baf0b236ace3ebd5ff1ddca1233a610cbc0d7cb7c56823981049b,1185,ap_cnspcn,499
ATD,ATDAP2607.dbc,2026-09-14T15:01,28499,6e576b2243f35f893bcb86a96318b32df0c3811fa66534b6dae4bb559dcd5276,502,ap_cnspcn,376
ATD,ATDBA2607.dbc,2026-09-14T15:01,520402,49760e7de7d2e63f0924c3164972e50aa54e61de2d291f9f5f9d805d49d12e3d,10948,ap_cnspcn,8979
ATD,ATDCE2607.dbc,2026-09-14T15:01,320148,da1dd70fdaa44e9aa699f1224ea69ad0a08a340de390f16a3eb40852a845f0c4,6937,ap_cnspcn,5536
ATD,ATDDF2607.dbc,2026-09-14T15:01,116230,386452772d93a09104afadf331c5c529b2c83ecb58ca21430ed337bd9e2ab936,2220,ap_cnspcn,1644
ATD,ATDES2607.dbc,2026-09-14T15:01,139008,e5ad9edf5084e8249afcc7c3147a3a2ae50ecfee849be12e65b98f838fd885a8,2599,ap_cnspcn,1033
ATD,ATDMA2607.dbc,2026-09-14T15:01,57967,5f0e4f174371c795179025cc98773d61eb16a9cdf5b28377c8761d0ce7c0ac0d,1348,ap_cnspcn,431
ATD,ATDMG2607.dbc,2026-09-14T15:01,781611,5330835684aea3e89cde066ecb99ab3333cf9750c6821d3eaaba2ac0f93eada8,16674,ap_cnspcn,10754
ATD,ATDMS2607.dbc,2026-09-14T15:01,91154,8c09d704ec526c37a2f1981fb3ef81d4dac4275928f23fe04bab835ef620350a,1770,ap_cnspcn,1355
ATD,ATDMT2607.dbc,2026-09-14T15:01,121955,3656d0a7d6eb0a42f9e9e05a500c03a1eb14e30af7d8a57c1c17f0a2592b1d7e,2169,ap_cnspcn,1101
ATD,ATDPA2607.dbc,2026-09-14T15:01,185647,baeb7745fa69c5e4fb8e93c6fbe050589ffac871259eb8b145b36c86de2ecb50,3927,ap_cnspcn,2111
ATD,ATDPB2607.dbc,2026-09-14T15:01,83462,7c53c8b2e463177deb16503138d78656410ae328d1b89186dab79c47e9ae4baf,1730,ap_cnspcn,1388
ATD,ATDPE2607.dbc,2026-09-14T15:01,362159,7ae775e9e6113db883a49d68ff5ed70c9532363f4a9636123be28f4e27a92f11,7243,ap_cnspcn,6289
ATD,ATDPI2607.dbc,2026-09-14T15:01,120247,f2b48c306ecd0244e99fab6893c3b952ba9c9775eb375aa8c95180b3a0c77b2f,2855,ap_cnspcn,1162
ATD,ATDPR2607.dbc,2026-09-14T15:01,355995,99ae138448f154cf1cb4b5ccb366a5849b46a8304cb51bf7460936d90676fdba,7171,ap_cnspcn,5433
ATD,ATDRJ2607.dbc,2026-09-14T15:01,500860,c1d05fe415bc8b4e9346d6bc3a57ce152ac5c3de6777dc14b52504bf680f145b,9754,ap_cnspcn,6398
ATD,ATDRN2607.dbc,2026-09-14T15:01,148151,88781020d7bf2d33f10f2f81daed808d5bcab15f3b07f9a2da9848b715246526,2827,ap_cnspcn,2657
ATD,ATDRO2607.dbc,2026-09-14T15:01,14240,69d7435c0885b583b1ca721fac6095c85d2805552d7f440af698b8e47848fb96,386,ap_cnspcn,179
ATD,ATDRR2607.dbc,2026-09-14T15:01,18222,e996b86ca3967e7b6bee45fd286565293d1131b125aab9d0e9f3c6aa62a1c8ea,343,ap_cnspcn,2
ATD,ATDRS2607.dbc,2026-09-14T15:01,368561,bd8bb17a9cf6b2f22a4b6152ff2b6693984e8ac43510240bfd758b9b7ba34352,6454,ap_cnspcn,4383
ATD,ATDSC2607.dbc,2026-09-14T15:01,251452,1283a36664150bacf41b53642d23f9e6c0f97fa55e7e2c7656f5badeba018247,4374,ap_cnspcn,4130
ATD,ATDSE2607.dbc,2026-09-14T15:01,62572,8f4baddda999f4afc927fd27ca03a7bf71c390d23e5c7d0345fc4ba7380e8e55,1618,ap_cnspcn,1068
ATD,ATDTO2607.dbc,2026-09-14T15:01,29135,f068686263238c35921de42d9f5a0bc95664915c2331a485f21b6bcfba24fd75,623,ap_cnspcn,623
BI,BIAC2607.dbc,2026-09-14T15:01,3512947,53aa0542bcda96da6b601a6b83ee4953dcc9e245b99cd192b1199e8a51b8be88,114373,cns_pac,92668
BI,BIAL2607.dbc,2026-09-14T15:01,28428658,39d8f73118325a3f019e45991cd9ef4337f9c338249a694062f9eb3ab7446853,703689,cns_pac,271422
BI,BIAM2607.dbc,2026-09-14T15:01,24610011,035ed2a8f49db87925ea6f0d68da742e4b9961bd3ef5581c563449c0f554324d,600991,cns_pac,211475
BI,BIAP2607.dbc,2026-09-14T15:01,2147529,3885b7587f00ee0db95aba19844e83a6bc777166c55677aa5800e101467e7d39,64372,cns_pac,18439
BI,BIBA2607.dbc,2026-09-14T15:01,80991511,0179da944c4166494b73d04ea40ccd98e23b84391295d964183e4802be17be90,1882044,cns_pac,1084903
BI,BICE2607.dbc,2026-09-14T15:01,63504597,5ff841d0cd855d2a157106b51f7688fd2c2b94a394989fae33ca1477f00f2b01,1747737,cns_pac,1325527
BI,BIDF2607.dbc,2026-09-14T15:01,12679945,b61e35afe5fa5cce66144068c350ed1830fee77651c223794ed5e160a8ffb72f,325298,cns_pac,119480
BI,BIES2607.dbc,2026-09-14T15:01,28410201,f33a9c53d4441b84950d0fced72ae1b4a133ffb32acebc92fb6f83b0cd0a2937,714488,cns_pac,401192
BI,BIMA2607.dbc,2026-09-14T15:01,10733065,40c3c1e6cbdef7b63d457f0dac3e57d430c1128d46c94d53f1cc21909e9c0a20,275264,cns_pac,180141
ABO,ABOAC2410.dbc,2025-11-14T08:06,3342,259fe84d4c9b7a2f7b2777427756a6924cc4928632cb1fab6a201598ee48cf7d,10,ap_cnspcn,0
ABO,ABOAM2410.dbc,2025-11-14T08:06,3033,76629a6ce3927aebe432dd5bf9aadb0b4c7a5e07f879a7f198c99363bbe83c5b,2,ap_cnspcn,0
ABO,ABOBA2410.dbc,2025-11-14T08:06,4205,4b102f2b56dcd45762d802f29b75d655cd9adab295e4fcb5372bd0fce7704919,31,ap_cnspcn,0
ABO,ABOCE2410.dbc,2025-11-14T08:06,4135,d62d5d3a339e618fa0bd97a42086b1d19b0c380951898c381bc8c839692656f0,34,ap_cnspcn,0
ABO,ABOES2410.dbc,2025-11-14T08:06,17638,a9ae4f94eeea78c609ecbfaa0d28b8bbd2374a8c30d01b93ae7d6cd45b361658,255,ap_cnspcn,0
ABO,ABOMA2410.dbc,2025-11-14T08:06,5066,0258281ad5ebbc6cb9ba33bd9e0089263accd262e347ee7765a4d2c917766743,49,ap_cnspcn,0
ABO,ABOMG2410.dbc,2025-11-14T08:06,18696,9eb5fe4d267f4066da6edef669d73455c8bf7a5aff9fc671f74ec75120b4e201,250,ap_cnspcn,0
ABO,ABOPB2410.dbc,2025-11-14T08:06,5070,868bacc115fdb899f825c84efacfd47b7bf8dcd8de4c9972217e1c22133d0cb3,40,ap_cnspcn,0
ABO,ABOPE2410.dbc,2025-11-14T08:06,4908,443044472326e4fb1c6933e636a8be39214787b3d957b37c144521b20797c5aa,36,ap_cnspcn,0
ABO,ABOPR2410.dbc,2025-11-14T08:06,43499,44d322e3fe957c176c0c3aa3bc65f51b1284965cf5c33c6e33716d6669e4e3d7,669,ap_cnspcn,15
ABO,ABORN2410.dbc,2025-11-14T08:06,4735,21ebea9ea6609582f8589f8eef88a622765ea35ed3b5a30270c08949790e10e1,36,ap_cnspcn,0
ABO,ABORS2410.dbc,2025-11-14T08:06,17962,fd9d8dc55e7ef90354ed5b1c7c4d56aed75f6abae0ca8b09b427b02b73dded3d,231,ap_cnspcn,0
ABO,ABOSC2410.dbc,2025-11-14T08:06,15118,5a8f6876e0083407ba8485a466cb040efcf3037d53d86712d0db9d602111828a,208,ap_cnspcn,0
ABO,ABOSE2410.dbc,2025-11-14T08:06,4099,df8cda5057b64fb5f661cee7b0cb5978fc1a8693cd6eba94cc3554f239f2d4f2,22,ap_cnspcn,0
AD,ADAC2410.dbc,2025-11-14T08:06,42962,c1590befcee58248c6acc65d159aff8e47f28b587f9c77171e3452e4197af3d9,1057,ap_cnspcn,0
AD,ADAL2410.dbc,2025-11-14T08:06,270877,886cd5b849bf0a5c607eb90854251b9c881d20cddb827e66f29e7033cf448cfe,5178,ap_cnspcn,620
AD,ADAM2410.dbc,2025-11-14T08:06,213561,727f97d4463117f62b3b61df66fa852c3ac3a5b4b5151cde91aceaaf25f7994b,4367,ap_cnspcn,0
AD,ADAP2410.dbc,2025-11-14T08:06,126910,96030dae43f68b3b0c2b88bcc12959104734cd8f755ecbf86682c59fef24928b,3211,ap_cnspcn,0
AD,ADBA2410.dbc,2025-11-14T08:06,1549300,73ebdc52a67605f5d8edce18bda55965b08564e866200ff660b0d6351c7fef52,29246,ap_cnspcn,43
AD,ADCE2410.dbc,2025-11-14T08:06,715158,3ac2edc13252fa46d4df2cb0eb931aa5fa6011f1b17c0347f6331d53d519e8ec,14112,ap_cnspcn,900
AD,ADDF2410.dbc,2025-11-14T08:06,184837,eb32c2a36efb8cfad11d6534d70f7a579c635bbe8f89185f3c304fe51ad51578,3389,ap_cnspcn,0
AD,ADES2410.dbc,2025-11-14T08:06,463553,954c64b80a377363d66349be2020e29c74e50d10939645330e65cfe0951df277,8973,ap_cnspcn,23
AD,ADMA2410.dbc,2025-11-14T08:06,305795,31757785e081cba697656acfa4349a8d4068f7e086e6f3b7c9a260d939c19094,6815,ap_cnspcn,1048
AD,ADMG2410.dbc,2025-11-14T08:06,2607572,2905c3dba0ad19e0262af30baecc81ee28bb4a2b6aa463d4497260557300f232,46995,ap_cnspcn,1168
AD,ADMS2410.dbc,2025-11-14T08:07,249527,064d330c838571d61a50f39e883c41da600c9cbd9aea839731592aff60024685,4485,ap_cnspcn,0
AD,ADMT2410.dbc,2025-11-14T08:07,154995,aa2437d84d87ff0c9563fd00a57bd239a36e3a39bb4fecef2a33f3d12744b56a,2891,ap_cnspcn,1
AD,ADPA2410.dbc,2025-11-14T08:07,388002,ce3af68aa5a226ec0f5543425cc5f10c3d95170f914a7d606b6474308c4b5836,7426,ap_cnspcn,5
AD,ADPB2410.dbc,2025-11-14T08:07,303255,bd20e6984bef9820c0ef0a610c000a1acdd554e6f83ba62b07a98ea384da9c2b,5535,ap_cnspcn,713
AD,ADPE2410.dbc,2025-11-14T08:07,1026562,4d000cc2205e5c10925fbdb6d479078532c6baeb59767f93df3323b916b073d0,19998,ap_cnspcn,224
AD,ADPI2410.dbc,2025-11-14T08:07,311886,64794702c074fe42e2f474c263fb49e7343b99f984be67d94071a293cb99c68e,7526,ap_cnspcn,602
AD,ADPR2410.dbc,2025-11-14T08:07,1864091,cde46dbd6b30de0f926a68a9526b9259168989926c501d48a06153c06b39e663,34707,ap_cnspcn,494
AD,ADRJ2410.dbc,2025-11-14T08:07,1634477,82f3274d6adb7f429eb9f29dfd0ee4f36c7069e4f29a00feb04fcda443353102,31709,ap_cnspcn,117
AD,ADRN2410.dbc,2025-11-14T08:07,401413,a5632b57055e561dfa10767c36d7a60ab9009a6258e53838dd0cc47ea98016e8,7343,ap_cnspcn,51
AD,ADRO2410.dbc,2025-11-14T08:07,111105,05d2bc7b7ede3e1a67f406d31aede4d494a1418abf7a2e2ea8758db023113945,2049,ap_cnspcn,0
AD,ADRR2410.dbc,2025-11-14T08:07,30005,fbbcf53b278b0b956834b234524d2c8ef8d9545e9550852bd91f10ad4aa1f716,575,ap_cnspcn,0
AD,ADRS2410.dbc,2025-11-14T08:07,1498219,1ccb134737cb577d89433ed293d5bb581e3c149a69d2fc9c077116b03681bead,26923,ap_cnspcn,8
AD,ADSC2410.dbc,2025-11-14T08:07,1209803,f2f7a9b386888abaf1af2201dff9ead080ac184eb125610b692fb11096c3a4f0,22585,ap_cnspcn,1961
AD,ADSE2410.dbc,2025-11-14T08:07,142742,916db4a3382220892240b9b01db1447e98c04eef189a359a4f3d6fa66f7dddfc,2887,ap_cnspcn,21
AD,ADTO2410.dbc,2025-11-14T08:07,64888,68c8faa9da8bdd3d13900bbd0629a05bf8b8a0cf6ddd40eec0a013ea1491f613,1177,ap_cnspcn,11
AQ,AQAC2410.dbc,2025-11-14T08:08,60285,2dfa4b6dc9da05d2761cd79f7e8673e709afebcad990e81ad83c1c615edabe3e,850,ap_cnspcn,0
AQ,AQAL2410.dbc,2025-11-14T08:08,399256,16c2a415e4636fe516306c1864472c14da9cc6752152f93ec2868c8c3642c8d2,5301,ap_cnspcn,0
AQ,AQAM2410.dbc,2025-11-14T08:08,289357,3b384519a732656a31cc3d3118a02cf173a22cf457ad3f000baad85daa107bc2,3634,ap_cnspcn,0
AQ,AQAP2410.dbc,2025-11-14T08:08,39216,2349b4f7a41bb0fc52842df8d9bd4118d92b3c03930ba6828a5a7740f50106ce,683,ap_cnspcn,0
AQ,AQBA2410.dbc,2025-11-14T08:08,1753744,ffc6aca051d40f14ed7dc8048ef6162a6291e8f30e508392d95521ba4793d79c,22655,ap_cnspcn,36
AQ,AQCE2410.dbc,2025-11-14T08:08,1144655,2ea1886726817346f0224c1af970123fea41eeb4d5a0630da236f0aacc35b535,15737,ap_cnspcn,0
AQ,AQDF2410.dbc,2025-11-14T08:08,367201,c9f98bdb261626e78f65c6ad8cc6f3590090d09df586298fd6383ff441c1be42,4971,ap_cnspcn,0
AQ,AQES2410.dbc,2025-11-14T08:08,785300,86759c8a6bee836a7a1bc052db3f5c155a58e35eb095a6e21a2c340a25973754,10111,ap_cnspcn,0
AQ,AQMA2410.dbc,2025-11-14T08:08,537689,52da53736200d1b5e47011fd66a3fd13ee094164a2f640bce131e05ce74b52a1,6962,ap_cnspcn,0
AQ,AQMG2410.dbc,2025-11-14T08:08,3605610,71815fc413b519dff05d18da8b2749b0216fe832e3298db027fb357d5a080691,49040,ap_cnspcn,443
AQ,AQMS2410.dbc,2025-11-14T08:08,333833,1af52dd47ba0c640ba13054857e0042ce4126ec5c267fc99fc7e2922139fa79f,4387,ap_cnspcn,0
AQ,AQMT2410.dbc,2025-11-14T08:08,185877,95aa09f7e9bfe2b3a627103fcf3471cf19c508f82e8b05ec5371c210fb5dfc32,2643,ap_cnspcn,0
AQ,AQPA2410.dbc,2025-11-14T08:08,370755,e9b8b744ddc079302ca68d20f9f53cf350cb54cb44229f124df5114fae81ad90,5161,ap_cnspcn,0
AQ,AQPB2410.dbc,2025-11-14T08:08,639223,a5c7a6b92dcbb0366071f806ed93a7617a7b46da1c99d3b3d0dd9baa6121dd0b,8369,ap_cnspcn,0
AQ,AQPE2410.dbc,2025-11-14T08:08,1409068,9ec35f970bf1557b22175a8fafef87b07b50f53a70da178717c74d124863eb8c,19134,ap_cnspcn,3
AQ,AQPI2410.dbc,2025-11-14T08:08,444293,a5e3cb2028dd3dc0cd9a9bb336aa86d176954ee7f8b0663dd24355ea35f1f91f,5964,ap_cnspcn,0
AQ,AQPR2410.dbc,2025-11-14T08:08,2338431,0da212e8f02e0af33f23b7193a3a091406f0673417aeabd1fe56be38c971f4ca,31507,ap_cnspcn,947
AQ,AQRJ2410.dbc,2025-11-14T08:08,2075837,77aba9c35476480bd89aa9497df8d4084f5471d9a2cb26c4b9d8c48ec3e72cd2,28334,ap_cnspcn,1020
AQ,AQRN2410.dbc,2025-11-14T08:09,514106,3005d365d7e1d895a90d0508992070fc8e48c17cb4356f0870b466f618639f4e,8075,ap_cnspcn,0
AQ,AQRO2410.dbc,2025-11-14T08:09,276495,1cf8b36ef45e71a4846a638d29e3a04db8989c5e82ca41ccd38305bcdbd78a58,3572,ap_cnspcn,0
AQ,AQRR2410.dbc,2025-11-14T08:09,35025,ad4c1e4f2b163e6272726379ac81ff74b04547a861e0ea7749cb078dcddd3e30,472,ap_cnspcn,0
AQ,AQRS2410.dbc,2025-11-14T08:09,2434333,b6c4e7a67b8b3ca5cc1bcf20488aaf6ebed5b5b24e7b7294f16cae0606ce7458,34009,ap_cnspcn,0
AQ,AQSC2410.dbc,2025-11-14T08:09,1605176,6e1330037bbc299e0df3a81c7c3ff2b67db95aa631bbc521773a94545037a15e,20964,ap_cnspcn,0
AQ,AQSE2410.dbc,2025-11-14T08:09,268005,a6186809463742cc320e580c8f0fea3d5915d695d2eb071e6a0b3a08f6898ab2,3978,ap_cnspcn,0
AQ,AQTO2410.dbc,2025-11-14T08:09,176832,f8da4aee2cbd207e9640ab32d0eaf49ceab48764ee3bde8ba83bc7a05935316f,2410,ap_cnspcn,0
ATD,ATDAC2410.dbc,2025-11-14T08:09,24847,436f97835d11a40ad43fdcbd004f17c8dda33dc2810b115061512fdc30f226e9,548,ap_cnspcn,0
ATD,ATDAL2410.dbc,2025-11-14T08:09,130292,974e5a430fe6fabb89c85cfc5053eb334709e60499512c090a32be7fd8198fa2,2172,ap_cnspcn,0
ATD,ATDAM2410.dbc,2025-11-14T08:09,62889,69deb5a091667525a46f26858c368d2e535c2cfbc7c1c783a584d77876350d62,1129,ap_cnspcn,0
ATD,ATDAP2410.dbc,2025-11-14T08:09,27141,7f1a2fe72be436198ce8f46bd451a3221c80722c31a1a4af8dd68387a0b24935,407,ap_cnspcn,0
ATD,ATDBA2410.dbc,2025-11-14T08:09,613802,b81783369f06a28864976dd8fb0c81c0f96aec4b2f1e46fd74e1dc42e73623b6,9735,ap_cnspcn,0
ATD,ATDCE2410.dbc,2025-11-14T08:09,390407,b4892ede4c137f88aeb2e1248159c21f36cbdf1b7d67c78de8e635e6ee858262,6622,ap_cnspcn,0
ATD,ATDDF2410.dbc,2025-11-14T08:09,123465,d4fee2487eea96725a2c85ea0cdfdcce80f835b25bc215271ebbe59c765b9cbc,1910,ap_cnspcn,6
ATD,ATDES2410.dbc,2025-11-14T08:09,162301,59680e2e096a9f4713d757f9a6cbcbf95af20a09ef71c2d5638e11ade733e0f5,2615,ap_cnspcn,0
ATD,ATDMA2410.dbc,2025-11-14T08:09,229384,168a962d7ba19c80b8d15d482b57143fd68cca83eefd89fb63b1b22b5b029077,3725,ap_cnspcn,2
ATD,ATDMG2410.dbc,2025-11-14T08:09,998317,f06de68b0ed3d0ca04794eb21cfd7bc73e51fd73a7e16dc0e31048632a8a1a2d,16415,ap_cnspcn,255
ATD,ATDMS2410.dbc,2025-11-14T08:09,145926,2ebcea4eb09595ab36528bfda34807b131849442de2d9a1635808aaf51bca6c1,2168,ap_cnspcn,0
ATD,ATDMT2410.dbc,2025-11-14T08:09,144123,4b8e77d704dca4f2d95518c6490005067b41a86c7727058a709060e40799acc6,2220,ap_cnspcn,0
ATD,ATDPA2410.dbc,2025-11-14T08:09,216025,614a0feef7ff54fa4f09e8b1c85facbe1d63b39c7acf7976312c3e135ffb74db,3663,ap_cnspcn,1
ATD,ATDPB2410.dbc,2025-11-14T08:09,141725,8b1df1388b70e1c1dd90b63d0a841043a8070cacc059fc0f3f0a8ad0a87a622d,2299,ap_cnspcn,3
ATD,ATDPE2410.dbc,2025-11-14T08:09,476175,6d52aa5794b509e7e2ab094c6ff42d2ac4cb002d50ee332f9eeb0ba9798acd74,7038,ap_cnspcn,0
ATD,ATDPI2410.dbc,2025-11-14T08:09,146587,d7034b601c270926505da918fcf02a723228d315e70a557f2c89e5a00c728d9e,2734,ap_cnspcn,0
ATD,ATDPR2410.dbc,2025-11-14T08:09,429221,32072f753ceaf21cbaef86073a4c014a99af62ebd98e607f1b945098d3562667,6862,ap_cnspcn,41
ATD,ATDRJ2410.dbc,2025-11-14T08:09,625139,3ca9725247c7e3a9f85e1892749ff92e3f1e879606672fd5434b2d87576a8b0d,9733,ap_cnspcn,1
ATD,ATDRN2410.dbc,2025-11-14T08:09,166883,60fa8231786532f898f6ef13e00a35a1657018229245bdc4ee0d5ba6f5c58627,2586,ap_cnspcn,0
ATD,ATDRO2410.dbc,2025-11-14T08:09,65427,49529c1d2a512bbdf323fda0cf110d15a5f131a3f98a3073467f154ccc0b7e70,1161,ap_cnspcn,0
ATD,ATDRR2410.dbc,2025-11-14T08:09,23199,5ab586238bfd43fbd3565570d3e8ad7c3b334cadd485da2038794c6fd2992e6d,361,ap_cnspcn,0
ATD,ATDRS2410.dbc,2025-11-14T08:09,445363,dce6695911ef1c0995fbb36f4eb8082dc489f7256c282bf08dc1d94d83a1da02,6630,ap_cnspcn,1
ATD,ATDSC2410.dbc,2025-11-14T08:09,286377,d66eea908e53e9e58c4711568edf8d527a6d3f680262186cbd0ffc6ca90d7430,4068,ap_cnspcn,0
ATD,ATDSE2410.dbc,2025-11-14T08:09,66387,3b62dc4cf9431a35b1aad5bcf89425fd49af5f0955f758afb1bc793f637c68b6,1379,ap_cnspcn,0
ATD,ATDTO2410.dbc,2025-11-14T08:09,41197,a03e261caa0346a0681e3247970663e1deb316002273f4a2cfcdb4056b89a7d6,676,ap_cnspcn,0
BI,BIAC2410.dbc,2025-11-14T08:09,4463155,78144169f814b7b96739a35677c61ad559147491864a453c9b860e725f845482,120649,cns_pac,4648
BI,BIAL2410.dbc,2025-11-14T08:09,28242203,e96846332d0e763854a02e29ee3a36f35cd07dc5b88359b81be6c9ed1e5a95b5,721471,cns_pac,62466
BI,BIAM2410.dbc,2025-11-14T08:09,34019245,8af9c434d7aa879b5d40a5b01178ef9e9c5d3146a04dc33eab25f5b93fa679d5,866960,cns_pac,18448
BI,BIAP2410.dbc,2025-11-14T08:10,2828461,74d8a2a7e9ee0fb1b3be98f5ae522785620f1a3713f2c742f3074deb6ccc4168,72324,cns_pac,1259
BI,BIBA2410.dbc,2025-11-14T08:10,84174393,8aac97d0ede7f698d0206d47afec65535b94845672e827de5c29c96c1d056c66,1998215,cns_pac,121746
BI,BICE2410.dbc,2025-11-14T08:10,63415410,4adb4c1bbb3f80401e68d20b430b0ec701c80138400299e817896e6fb2a22362,1635119,cns_pac,60990
BI,BIDF2410.dbc,2025-11-14T08:11,13201383,54bab2b4199d1e85d1d4982928eea6302676ef0c1e853233634e407388597a8e,338890,cns_pac,28172
BI,BIES2410.dbc,2025-11-14T08:11,31719623,571a8b46df2a49a3a00720a877247763b2d9ee15946e4773f2da1fcc6f4254fb,794757,cns_pac,21926
BI,BIMA2410.dbc,2025-11-14T08:11,33598009,e95479d22c9b4412c93fbf90baf53b760d50c6197d23826f0b0f6647ddf61cd4,757157,cns_pac,52274
BI,BIMG2410_1.dbc,2025-11-14T08:12,173783890,fb77e129ac7e2bd241573845e3b04175109bd774a7add4595471efd1bfbc53a4,4741436,cns_pac,516946
BI,BIMG2410_2.dbc,2025-11-14T08:12,116389052,7dfa229ff8aed48ca90f7e209db57d1eb24fdaefc6a1d3b31163ca19fe165016,2689991,cns_pac,135248
BI,BIMG2607_1.dbc,2026-09-14T15:02,151851424,b7880c62932d3a78072c50b14aa6f06f614ecf4f218933ef5e10590b444503d6,4687833,cns_pac,3640929
BI,BIMG2607_2.dbc,2026-09-14T15:02,141383863,e1fc420f5eebe53f5b9a2b794fc4d784513988b793bbcbf3be3642b39b4f8462,3478823,cns_pac,2569133
BI,BIMS2410.dbc,2025-11-14T08:14,24692605,b239dddd7f6a0961b51a21c68f37e413e4238bcdaf5262889970329b6edb8270,608814,cns_pac,37710
BI,BIMS2607.dbc,2026-09-14T15:02,41155885,db76947c9278ed5d9ffc53e5cba2c94c150376f050bf54f3b944847800660f71,1061691,cns_pac,573463
BI,BIMT2410.dbc,2025-11-14T08:14,54490854,7ad998b636519206951d2196da062b283b30109347daac541fd85ff13cb878e8,1321754,cns_pac,17857
BI,BIMT2607.dbc,2026-09-14T15:02,29069730,7e522f5eb3441a91f4ddbf4f3dac19a5d5222cb1b3ac89539b4c62be4d92a0ab,780117,cns_pac,519548
BI,BIPA2410.dbc,2025-11-14T08:15,49074402,9228e8033bfa5ff97c4c76947b1cd0d6f4ca3882fd9f435fd6b5f166567d79cb,1214714,cns_pac,74275
BI,BIPA2607.dbc,2026-09-14T15:02,35888560,41e8d7b522c8cbaa54ce5c58b86022c8567a66f856ad43cc9b5baf06597aa959,912398,cns_pac,489376
BI,BIPB2410.dbc,2025-11-14T08:15,32618503,94e90dde05aaf763ceb638b6cd2eb97f7bf8661cc1e27be3bd7d2d698fd0e150,781142,cns_pac,20219
BI,BIPB2607.dbc,2026-09-14T15:02,36545778,070efa37c01ad6cfafbad028c57c46f50295c20482e18e72a861efff0ceb35a4,950531,cns_pac,673023
BI,BIPE2410.dbc,2025-11-14T08:16,52144925,2df61d7f8521da4cda7a5d57b1d96056024c62aa0a760bf2149aa60adcfc2054,1206692,cns_pac,32603
BI,BIPE2607.dbc,2026-09-14T15:02,58819373,1bc3a92464fc85813672e0b2d014159d30b7db280f3eda29b95cb01c3b571625,1401782,cns_pac,763152
BI,BIPI2410.dbc,2025-11-14T08:16,6824908,bf64004ef6b3df35cdcbdbc13e07e83a6e81c024082e622a743d66982ab90e9e,133995,cns_pac,3464
BI,BIPI2607.dbc,2026-09-14T15:02,9900879,f2f28b25269d614466191a0652ac2257223ab4ea9e12d5243518c1fb440c1710,259081,cns_pac,176604
BI,BIPR2410.dbc,2025-11-14T08:16,110975942,8d5708db1a24c61fa9201790c8bff2f37821e040f247edff8ef17e7e3c3a61de,2876381,cns_pac,341455
BI,BIPR2607.dbc,2026-09-14T15:03,108221952,dae7fbf5fbd80b74b6e2d46d1e8991fc1ea5b2a1b78e962bdb090fe5f675a93d,2828017,cns_pac,2146528
BI,BIRJ2410_1.dbc,2025-11-14T08:18,177750741,35cc1a01053229b54dcb436a19390c46f1e06530345fa08394442456240f7f81,4773691,cns_pac,313666
BI,BIRJ2410_2.dbc,2025-11-14T08:18,93684401,856be595c5081f755557e74cf5207d50ba68c9d9141da86e2e416a2f53f51019,2488908,cns_pac,280881
BI,BIRJ2607_1.dbc,2026-09-14T15:03,163098726,73b7ff9fa6720bb3f145c4ee48338b2675b805481ea48d6f81c3a8508955aa99,4749245,cns_pac,3489044
BI,BIRJ2607_2.dbc,2026-09-14T15:03,26760153,c8f74249b02f59ef0cb8eb730a5f57138897802f3cb0d182da346dcfd531fbb2,713948,cns_pac,513818
BI,BIRJ2607_3.dbc,2026-09-14T15:03,133431469,30a2b7e099ef662d2440c9e7086f6bf2e206e2ff0aa16d620841b67ca33b6fb5,3573302,cns_pac,2582074
BI,BIRN2410.dbc,2025-11-14T08:20,19258733,f4c7da943a7cde06b800cf583ce4fe78b0183b2fa777ca951e43ca1ef2d5bfb8,434744,cns_pac,12922
BI,BIRN2607.dbc,2026-09-14T15:03,20750566,5fc4c55307de80f46dfc76b805dad2290b13c0e3535f088c4722e72e86b58a8a,528769,cns_pac,399778
BI,BIRO2410.dbc,2025-11-14T08:20,16626174,50709d6d928e40fd5337ba5f66d8b91db46a69f634b69810d7940805642bd08a,400170,cns_pac,2431
BI,BIRO2607.dbc,2026-09-14T15:03,8148063,8c9ab4a49879aecb9f5a835dd8d6d3deecc0849ad6b96a88e8b9439f7ba81b6e,220412,cns_pac,122402
BI,BIRR2410.dbc,2025-11-14T08:20,893392,7882ed5fd19925cf39465cd98022ed6430eb61cc9d52f5a5d1e7c26cbb766acc,20731,cns_pac,1450
BI,BIRR2607.dbc,2026-09-14T15:03,540495,6effa7997934e5531d162edd1d1b3863330d04626f8dc6745f9158b40b821d82,15872,cns_pac,4293
BI,BIRS2410.dbc,2025-11-14T08:20,148100107,9814d44cc4675a167bbaa397b7515837a4c634bb407b59e3f5cae5de79ece0d7,3785008,cns_pac,69850
BI,BIRS2607.dbc,2026-09-14T15:03,140338438,3195781be9bcdcc7138a9524ebcd9d58f0218bbfea8df7d6c448e43cb0612b25,3616938,cns_pac,2357788
BI,BISC2410.dbc,2025-11-14T08:21,112665007,0efbc48c5bcebf9f116488c115b7a51a0613e95050338ee548829efc71e001dc,2824155,cns_pac,82379
BI,BISC2607.dbc,2026-09-14T15:03,117790133,f75742892534fa01b147a0ace3144ca7afa3dc40f0b5c08685b8e9e5e796920a,2978734,cns_pac,2231033
BI,BISE2410.dbc,2025-11-14T08:22,30908672,6c9d3d7ef61f582c88ba876b71ea173d662fdf33d4950964e963a42472b04ffe,830091,cns_pac,7851
BI,BISE2607.dbc,2026-09-14T15:03,30932372,b2232801f8018d57785d503e85a892dce8813f9d07687081fa23d750ce10eaed,884558,cns_pac,570057
BI,BITO2410.dbc,2025-11-14T08:26,6728077,3fc6a8f132da2120faefaff3a18a143dacc1bcf6021e103790c5ccbb68255528,153052,cns_pac,11150
BI,BITO2607.dbc,2026-09-14T15:04,13339566,d70ca579ca04d8096de725e657ab030c593a1500ec8cd9f8176289f1d952a21c,323567,cns_pac,87236
PS,PSAC2410.dbc,2025-11-14T08:43,56318,fc55791fef6cc8511c46fccc65e9bd1f8f3f28788ac16bd72849639f693e6711,3124,cns_pac,0
PS,PSAC2607.dbc,2026-09-14T15:07,24955,4a06e3de9795e864dc6f5325783973b5b5ed6566210a0bb0b9961890990bdeab,1488,cns_pac,0
PS,PSAL2410.dbc,2025-11-14T08:43,708549,60279623ac4ec27dd271aea525b18eeafda9df0219e94578bb6aa2533dbc23b7,33514,cns_pac,0
PS,PSAL2607.dbc,2026-09-14T15:07,612376,8b264ac356dca6d9120f03b3c0003edad512da7bb546c289d35816cc6f57b96f,28109,cns_pac,0
PS,PSAM2410.dbc,2025-11-14T08:43,270446,f27980c289a831336fa79b2342fec911a43c73f2cb86e464233e87f00efd17c9,13198,cns_pac,0
PS,PSAM2607.dbc,2026-09-14T15:07,80520,aa81e70eb5d715943e479b2752d059386df8b359babbd229a0c5d9bd87b0cd83,3142,cns_pac,0
PS,PSAP2410.dbc,2025-11-14T08:43,27105,a34ae0902c1a0dab96f911fcc8f3e24e1d6fd6e6404bc2f7d97e0f03d726518d,1977,cns_pac,0
PS,PSAP2607.dbc,2026-09-14T15:07,24606,62e8f2eb51136d56879046939322916af966ea5c4081e6938979181356bb05f6,900,cns_pac,0
PS,PSBA2410.dbc,2025-11-14T08:43,1772800,bdfc66887d996413491d6729bccde3cdeba04b9ba3d06ea50c27cf4e561755b2,73567,cns_pac,0
PS,PSBA2607.dbc,2026-09-14T15:07,1799206,7936fa529b827e1653ce4066c2acc9455f807d9dec11c120f364b623c5274d6d,75051,cns_pac,0
PS,PSCE2410.dbc,2025-11-14T08:43,1506336,c3ceec5c3148b437a630aecffb25b63dd8cb2834144ad232ffda8be419f259e0,55887,cns_pac,0
PS,PSCE2607.dbc,2026-09-14T15:07,1347163,7415b0299b4408e4dcd21858e26e8c134b69f1c4ec161347181d48502e2abc3c,49648,cns_pac,0
PS,PSDF2410.dbc,2025-11-14T08:43,423502,cb8d3604cbc7f12ef2bde948fb8c3e1c5b4ddd508b463525816662d4b3833138,19049,cns_pac,0
PS,PSDF2607.dbc,2026-09-14T15:07,514616,72c91b4b5e67fb6281a38d943853a944c5f9722b073f59b764c72b2edac2aa3b,28446,cns_pac,0
PS,PSES2410.dbc,2025-11-14T08:43,277547,99c1057187558102d7766b93ebc9d735662a0617695c6bbaf342c78065aca8c8,12780,cns_pac,0
PS,PSES2607.dbc,2026-09-14T15:07,302326,6ff20262ba1935b84950c789143fcbed51423cf757a66ad051adf62f4f9b20bc,14502,cns_pac,0
PS,PSMA2410.dbc,2025-11-14T08:43,656321,9eba6d4ec45a92acc1ed03cb6175bdad7d39519c16c4bfc436a386634770712e,25061,cns_pac,0
PS,PSMA2607.dbc,2026-09-14T15:07,559079,59ea8e0bec8924ae6925fc096ca15810b08a6590c6e6a67ca77dd23b24f23161,32446,cns_pac,0
PS,PSMG2410.dbc,2025-11-14T08:43,3769020,7becaf2120f925edc4c7a99eb90a2b053a2a37a0e732afa27b2d75a0e9ee241f,192651,cns_pac,0
PS,PSMG2607.dbc,2026-09-14T15:07,3355366,c223ae744561872452ca9b6476283a9de67cb86f1f097cb43840e68e54ba7ebe,169693,cns_pac,0
PS,PSMS2410.dbc,2025-11-14T08:43,498954,61a3044556c94b5f119c161954e14bdf7f94ed009ad6f78d6d04428e79587619,27244,cns_pac,0
PS,PSMS2607.dbc,2026-09-14T15:07,582770,1d58c785f72e74d190394cae9769134dd9ac080f363fdf3e54416d9f2927e00c,32193,cns_pac,0
PS,PSMT2410.dbc,2025-11-14T08:43,286781,685598f7ebf28933e6bdc6146a0d651c5570d006bd15b42f93eff29f4c21a3f8,23280,cns_pac,0
PS,PSMT2607.dbc,2026-09-14T15:07,200193,3851fedf864372aaa3e5f414edc09f626717db4166055c16ae122de69ee2da76,8326,cns_pac,0
PS,PSPA2410.dbc,2025-11-14T08:43,1034902,88546e795571cfe59a05fa6e822ab1fd4966707c1224fc6d55a64ee45616398c,37352,cns_pac,0
PS,PSPA2607.dbc,2026-09-14T15:07,533101,0d1fdb1c6a9c332c09533bd4eaf554c288f8175df1881a40f5eef375ac89122f,22661,cns_pac,0
PS,PSPB2410.dbc,2025-11-14T08:43,1206462,5ccfa85777eab5f6ecd882104b6132c99385a7f30c0f232667bb1155f92d4bc8,46666,cns_pac,0
PS,PSPB2607.dbc,2026-09-14T15:07,737985,fc94c797331035b56363e1587a38715f0633f2311acc6fdb18fb4089619a500d,37159,cns_pac,0
PS,PSPE2410.dbc,2025-11-14T08:43,1888767,182568fab30d2b7ae5a82afaaa873b68c691de9f548b37288ab70854d8538a0b,85411,cns_pac,0
PS,PSPE2607.dbc,2026-09-14T15:07,1710289,57ab1bf18100ec9b1f896b2beed028ee6b51f5692fd9ba50643e0d25b0c80dbd,76985,cns_pac,0
PS,PSPI2410.dbc,2025-11-14T08:43,271480,cbc97c79a7a62749dc8364d570de7296f94e7e084dfc867505f9d1540d2126ef,17357,cns_pac,0
PS,PSPI2607.dbc,2026-09-14T15:07,394969,3421e87d06baa26fdff72236720144afdc3445705ee429823eed13d992ccfa7f,18210,cns_pac,0
PS,PSPR2410.dbc,2025-11-14T08:43,1148933,8ee879958048be2457497cde9df650ad77b1a4cf876ae5aefc80231cdbd1e8c6,100142,cns_pac,0
PS,PSPR2607.dbc,2026-09-14T15:07,1354710,06958b2e71f92f9864e54a79e0919686624d612ee5ea70d1c16735de6f27b013,66877,cns_pac,0
PS,PSRJ2410.dbc,2025-11-14T08:43,1667879,f100f2afaf7d7c10f79df9d8c94d027d5d86b3b3ece4839990af968d84b93208,124059,cns_pac,0
PS,PSRJ2607.dbc,2026-09-14T15:07,2478936,25d397b58c7c95a929b1d1f26ac57d205691c04b5a6df6148ca7d7e404262d4d,114658,cns_pac,0
PS,PSRN2410.dbc,2025-11-14T08:43,243923,0f7e64b8cc89d155a98b98b6259edc4a9c2e273e2878af4535d5319da0dc3014,12052,cns_pac,0
PS,PSRN2607.dbc,2026-09-14T15:07,177062,fb6513eef1c0b82fa39c9d2206483c7c7af2dd22923082da97d09870ca31ddb9,7153,cns_pac,0
PS,PSRO2410.dbc,2025-11-14T08:43,150120,ab4af149500798ec9b507d82d76d5b8e4c75007c01e9304ee1f777fc5603f2d1,5569,cns_pac,0
PS,PSRO2607.dbc,2026-09-14T15:07,78426,13834f802d2daea9fb9c9562bd2e0bee24abf974447adb1438d531093487a13d,2652,cns_pac,0
PS,PSRR2410.dbc,2025-11-14T08:43,22184,803e587bd85ce565c47171a6ff87bf52f1fa60d5ca33d5269af8bd1cd550900d,1042,cns_pac,0
PS,PSRR2607.dbc,2026-09-14T15:07,14675,7154502a8212e777a019166f28bd2d86cfad689a65f56429015b03cfe2da1034,952,cns_pac,0
PS,PSRS2410.dbc,2025-11-14T08:43,1507784,6ae39467cea67e4836fe516a37d6c7df96e396c1d617793f99e59473c3b8cf0c,116636,cns_pac,0
PS,PSRS2607.dbc,2026-09-14T15:07,2107342,0e71309f604feb3f88acc4090ac0b2a446880d9470fa3319171bb70285bc06fe,99901,cns_pac,0
PS,PSSC2410.dbc,2025-11-14T08:43,879191,80a7204832d25ffdfe549da086613c0412b8122e700359605ac6f2c19469b933,76760,cns_pac,0
PS,PSSC2607.dbc,2026-09-14T15:07,1245492,7b4c1af8823626d95ef81122d0d231921cd0514da8db07a84de9a0a9edeb9515,57823,cns_pac,0
PS,PSSE2410.dbc,2025-11-14T08:43,587497,04d091fd0824dc1f0c3de1ac2060e58ccaa784bdc58a3a9b5e36a373053775db,30018,cns_pac,0
PS,PSSE2607.dbc,2026-09-14T15:07,619538,08dac29d5ce26c5682997eb7c158da3f554be328190edb769b9d20aba07bd1f5,31860,cns_pac,0
PS,PSTO2410.dbc,2025-11-14T08:44,200535,40783a5853174e44b9f593c73efd34be4f7e71d45e791f7b15eec818465094fb,23535,cns_pac,0
PS,PSTO2607.dbc,2026-09-14T15:07,343588,1d4566f51684c245f9edd6aa6820b580d65f84c622b62153938df363262ecd9c,18362,cns_pac,0
