file,sha256,records,fields,rr_residents,equal,equal_but_contador,dorr_sha256
DOINF96.dbc,131044797efd75722d07be71f9c505a8755afbec5eee77bed23b78ae15b52d2e,75024,40,237,0,237,9049077d1e1a84ac889ce8e4bd8c82fa797c6c6dce8e3083467572c38b335351
DOMAT96.dbc,0c6143f807790e7a871cb26598cc07b58a7f69c893e259fae9d5695fa570b72b,1520,40,2,0,2,9049077d1e1a84ac889ce8e4bd8c82fa797c6c6dce8e3083467572c38b335351
DOEXT96.dbc,ad5a14196f3cd1fbb368fe0ecdcad026827b2d6315fc58d631d1d63ebcdd202b,119156,40,268,0,268,9049077d1e1a84ac889ce8e4bd8c82fa797c6c6dce8e3083467572c38b335351
DOINF00.dbc,459f186d7bcf73c36676bfff02efb28130e79df4a305746e6681bc8129e88a4e,68199,40,181,0,181,f6af2bd0b81d2f112b5bfdc29a1807ee299d42e8eff94354494ee8bf9cf8e10d
DOMAT00.dbc,5242880b8b3f8eac7b2e6e58cd96f17ab19db0ee36fcfc87ce2abf30aa9af360,1677,40,6,0,6,f6af2bd0b81d2f112b5bfdc29a1807ee299d42e8eff94354494ee8bf9cf8e10d
DOEXT00.dbc,07bdd266de2df868b38e0e9d0256e9f84c9c8b569ef9a684fbb2e90aa5a940b6,118397,40,348,0,348,f6af2bd0b81d2f112b5bfdc29a1807ee299d42e8eff94354494ee8bf9cf8e10d
DOINF05.dbc,05bd01670b8c541fe3b5b129be4d50d32d430b73d4c19f667a6c7ce01d6aa5de,51544,43,175,0,175,81ac5c26d16801bac9fe4192a9d7d4abf7f2f716d8e8cbc2ae9cda087628f65f
DOMAT05.dbc,5aab56eac32031395929c386727aab75ff30225055c1a278779fc4dc99b7331d,1620,43,5,0,5,81ac5c26d16801bac9fe4192a9d7d4abf7f2f716d8e8cbc2ae9cda087628f65f
DOEXT05.dbc,64b1d4d60af87b5348e77277b549ca0e5d3dc4ed483cd2ea618ffc3cbecb990d,127633,43,316,0,316,81ac5c26d16801bac9fe4192a9d7d4abf7f2f716d8e8cbc2ae9cda087628f65f
DOINF10.dbc,b57db5417967484b38ac32fe1db44032d002059186772bc01024e0276419f5a3,39874,58,126,58,58,92c50a7356af36793437961e56965dbfb492ba5013881d84bb2b555158043676
DOMAT10.dbc,b5873c12797942038441eb9b493ba32ddd279c84adf7b6f072e3c0d9fa258072,1719,58,1,0,0,92c50a7356af36793437961e56965dbfb492ba5013881d84bb2b555158043676
DOEXT10.dbc,acf2cf456fd7b1a933d843762d4657e7b34e57241a6af849ca35e594e3fb30e5,143256,58,372,109,109,92c50a7356af36793437961e56965dbfb492ba5013881d84bb2b555158043676
DOINF15.dbc,a4dbd6fd34c0bc149e237fcb978f4e3a22eadcd442731bba8efeafd9d33e044b,37501,88,191,0,191,62dad216d339d9f72471ff7b5551fff885068ce8fc3d6db7791465017166eb2c
DOMAT15.dbc,d4c23bd672c88faebc699857c3adc85f782e0fd3da9264b4d6baad48229bcc57,1738,88,11,0,0,62dad216d339d9f72471ff7b5551fff885068ce8fc3d6db7791465017166eb2c
DOEXT15.dbc,f16700fb11eed429270ef28d3a7724abbda46b5a717409ddeb25de58d4187abc,152136,88,536,0,490,62dad216d339d9f72471ff7b5551fff885068ce8fc3d6db7791465017166eb2c
DOINF17.dbc,e6c85a2ce90fd0f4f8d09758040c469c65e5dcf400917818ff2612d9078c1b18,36223,88,210,0,210,361c1fb5e3178ea3a630fb8ef392a7b2950b64dc480a18ef0b82ac6194429690
DOMAT17.dbc,c5f14ebebe212f9092be953dce01429e1333a323f011e10bab5b9e72dc51ae1d,1718,88,6,0,6,361c1fb5e3178ea3a630fb8ef392a7b2950b64dc480a18ef0b82ac6194429690
DOEXT17.dbc,3e0d44b7937f1bf6b503195133ea794ce023c6d82b85b8a7a24eb6ceb1c97851,158657,88,590,0,590,361c1fb5e3178ea3a630fb8ef392a7b2950b64dc480a18ef0b82ac6194429690
DOINF18.dbc,eafc50390be3ccdbc1f255f43c227208483f620f8d2fc8ecf5772c648bd703c9,35864,88,266,266,266,5c0431bd0329f7a0b3a05ca9fff510a825effc1f7d54d142c70403b4527c5b25
DOMAT18.dbc,171a03e5513ad3c047a955bfb0f2e642ca1e63cdbd433553f29a98d37f6ff232,1658,88,10,10,10,5c0431bd0329f7a0b3a05ca9fff510a825effc1f7d54d142c70403b4527c5b25
DOEXT18.dbc,7e132f26933c45b28a24394548ee8f6dc7917c8a12a9fb93963f21f50c6fabd8,150814,88,698,698,698,5c0431bd0329f7a0b3a05ca9fff510a825effc1f7d54d142c70403b4527c5b25
DOINF19.dbc,d8799966bc9377ddbb92edfc0967d212d89cdc49f67867e3ece9e29d110ae39f,35293,87,264,264,264,b1205f5e5deda80d32bd0db1a2748c0c6c8ed5ffe1bab4cb1b17c64d0e09509f
DOMAT19.dbc,802313dfd589279513d0a127a4225087791179f7b5bc83872d421170d25a1af1,1576,87,11,11,11,b1205f5e5deda80d32bd0db1a2748c0c6c8ed5ffe1bab4cb1b17c64d0e09509f
DOEXT19.dbc,673354111665724267edd3259553c714a9d3e149f0d69ef5d8fb1b00a0cd48b3,142800,87,591,591,591,b1205f5e5deda80d32bd0db1a2748c0c6c8ed5ffe1bab4cb1b17c64d0e09509f
DOINF22.dbc,86af1c7dcf7d6dea2077de3572568023387bf625863cfed1d14114fe6d94a9fd,32257,87,246,246,246,6643344fe1ab587d648e5e0ea8cf7e3ef9e5b5b7021a12dcbbc54f5724d2ec65
DOMAT22.dbc,3bb7758c7c70a53669978fc833df5a451616ab92bec6dd966e95dc73e7858f40,1370,87,19,19,19,6643344fe1ab587d648e5e0ea8cf7e3ef9e5b5b7021a12dcbbc54f5724d2ec65
DOEXT22.dbc,b90fc92e0415af8311837271c88daa4068c35ad0775a883310ffe5912c2a5257,152945,87,611,611,611,6643344fe1ab587d648e5e0ea8cf7e3ef9e5b5b7021a12dcbbc54f5724d2ec65
DOINF23.dbc,8634319e3555cfd4d88f6c544160b4947ed7c69d54705fd15400d9d5a8c3b0c9,32017,87,313,313,313,15b5203507161b7c35f9c69a52c955bdac133629549099b85a88e03a9a45baf0
DOMAT23.dbc,8d27be60f635b81d465248b814eb8549d9eb22cd0f66a970632e88e973c27e7d,1325,87,16,16,16,15b5203507161b7c35f9c69a52c955bdac133629549099b85a88e03a9a45baf0
DOEXT23.dbc,a201fd5911c38e482760452644e4b9b13ebf0e090fd2acbe2e6dd9d1c4525b92,154199,87,598,598,598,15b5203507161b7c35f9c69a52c955bdac133629549099b85a88e03a9a45baf0
DOINF24.dbc,804569c9c45434866ee009cf4f3f42d55ab98ad469ad459815811c7270c9694c,30020,87,231,231,231,86d66d736b83e5653d86d55eb47ab6db6b3e8238de3d362f9237768ed5c8a79a
DOMAT24.dbc,7029b401b43c2efa3c416001d558a229ebd94ec525babbd5e3256ec2a37b1713,1326,87,16,16,16,86d66d736b83e5653d86d55eb47ab6db6b3e8238de3d362f9237768ed5c8a79a
DOEXT24.dbc,16704974e00bc1cea31053174698cdcba8a7c634f3f09b726197d9ef0df6f2b1,159534,87,556,556,556,86d66d736b83e5653d86d55eb47ab6db6b3e8238de3d362f9237768ed5c8a79a
