zip,zip_sha256,field,def_line,cnv,cnv_sha256,map_sha256
TAB_SIH_199201-199712.zip,b433310785e08b5d2d0c5a438f495ac6b2af9a10d86d8741a3252bc268b1ff88,natureza,"LNatureza, NATUREZA, 1, NATUREZA.CNV",NATUREZA.CNV,837f2978a3703a15e97f4c451c2dcd2885a96e666998d6bce43b0d220ad41935,a25626f4eca4d96767eacbd61de32277db19bfdfd8fe7842125a1fe94b37f33f
TAB_SIH_199201-199712.zip,b433310785e08b5d2d0c5a438f495ac6b2af9a10d86d8741a3252bc268b1ff88,natureza,"CNatureza, NATUREZA, 1, NATUREZC.CNV",NATUREZC.CNV,693c8d3704a4181416cedbe6b56460172e6985ebc62b50f9ada2b2aff0e4f1ce,2fac24e4019f8986ebcf287e18b756fb2c5cb9ab537bcd06122c8842aa42085b
TAB_SIH_199201-199712.zip,b433310785e08b5d2d0c5a438f495ac6b2af9a10d86d8741a3252bc268b1ff88,natureza,"SNatureza, NATUREZA, 1, NATUREZA.CNV",NATUREZA.CNV,837f2978a3703a15e97f4c451c2dcd2885a96e666998d6bce43b0d220ad41935,a25626f4eca4d96767eacbd61de32277db19bfdfd8fe7842125a1fe94b37f33f
TAB_SIH_199201-199712.zip,b433310785e08b5d2d0c5a438f495ac6b2af9a10d86d8741a3252bc268b1ff88,natureza,"XRegime, NATUREZA, 1, REGIME.CNV",REGIME.CNV,a5371ca9771e712aa3baf5883206d49fb337679b3c70d40f693133d2a5b8c788,f0e7ec484824434f13bdd958363a725d6d6a27104f290b6aee3c4eee07c9064e
TAB_SIH_199201-199712.zip,b433310785e08b5d2d0c5a438f495ac6b2af9a10d86d8741a3252bc268b1ff88,gestao,"XGestão, GESTAO, 1, GESTAO.CNV",GESTAO.CNV,c8d5e054def7ff4552507263aa77f9c4332ee86198a7479130fef1cd9e946c0e,b0c0b5b42d86d77ce328eae32e21fa9fd77ad572183cec8a6e1f042f276b5d4d
TAB_SIH_199201-199712.zip,b433310785e08b5d2d0c5a438f495ac6b2af9a10d86d8741a3252bc268b1ff88,sexo,"XSexo, SEXO, 1, SEXO.CNV",SEXO.CNV,003e1b250d26b987867b9d0c1d155c42e340c4a62bffdcd4db85c7c41e60691e,66b15c3c02078a02961b407f3bcd2f5676559e6b834ffa04bbe7b491e924e7cf
TAB_SIH_199201-199712.zip,b433310785e08b5d2d0c5a438f495ac6b2af9a10d86d8741a3252bc268b1ff88,vincprev,"XVínculo previdenc, VINCPREV, 1, VINCPREV.CNV",VINCPREV.CNV,b6afc5eace583f2c122c74bdc1ab0ebdaf43a4b7d057a94d44eeb3a7c8817f29,ec7bfb3f6e2333cef3089e9d5df859307f6071a1244a6b9437f871ba3897b135
TAB_SIH_199201-199712.zip,b433310785e08b5d2d0c5a438f495ac6b2af9a10d86d8741a3252bc268b1ff88,ident,"XTipo de AIH, IDENT, 1, IDENT.CNV",IDENT.CNV,85fe489e20e61abff994fc22d836ca208d7e9fee947bb5dbc76193d883c53828,29cca29dda18eedd71836725afe42a7c6ffe1fdd9a33482fc55fa471f5a05934
TAB_SIH_199201-199712.zip,b433310785e08b5d2d0c5a438f495ac6b2af9a10d86d8741a3252bc268b1ff88,morte,"XÓbitos, MORTE, 1, MORTES.CNV",MORTES.CNV,f2cb9e690a4d1557d9044b8c9dace13e64a35ef69741091c08e1e0b64d984f30,c9706af6e27868ff5532ebf6bc95a7d534c62525a4b950ad002696dc940790a9
TAB_SIH_199201-199712.zip,b433310785e08b5d2d0c5a438f495ac6b2af9a10d86d8741a3252bc268b1ff88,instru,"XGrau de instrução, INSTRU, 1, INSTRU.CNV",INSTRU.CNV,ecdd8359a9fe8a07f77e250e758de9d8a0ac88901527f87d5f7271916a11ab04,c553bb5a4c651785d5ebf26a7646344cd0215f60ccb051449f101e5888f57620
TAB_SIH_199801-200307.zip,171271844c06ec66e2ed0c0abd2ef18f0d67c652e8d9b58d7f0f10d9bf269656,natureza,"LNatureza, NATUREZA, 1, NATUREZA.CNV",NATUREZA.CNV,837f2978a3703a15e97f4c451c2dcd2885a96e666998d6bce43b0d220ad41935,a25626f4eca4d96767eacbd61de32277db19bfdfd8fe7842125a1fe94b37f33f
TAB_SIH_199801-200307.zip,171271844c06ec66e2ed0c0abd2ef18f0d67c652e8d9b58d7f0f10d9bf269656,natureza,"CNatureza, NATUREZA, 1, NATUREZC.CNV",NATUREZC.CNV,693c8d3704a4181416cedbe6b56460172e6985ebc62b50f9ada2b2aff0e4f1ce,2fac24e4019f8986ebcf287e18b756fb2c5cb9ab537bcd06122c8842aa42085b
TAB_SIH_199801-200307.zip,171271844c06ec66e2ed0c0abd2ef18f0d67c652e8d9b58d7f0f10d9bf269656,natureza,"SNatureza, NATUREZA, 1, NATUREZA.CNV",NATUREZA.CNV,837f2978a3703a15e97f4c451c2dcd2885a96e666998d6bce43b0d220ad41935,a25626f4eca4d96767eacbd61de32277db19bfdfd8fe7842125a1fe94b37f33f
TAB_SIH_199801-200307.zip,171271844c06ec66e2ed0c0abd2ef18f0d67c652e8d9b58d7f0f10d9bf269656,natureza,"XRegime, NATUREZA, 1, REGIME.CNV",REGIME.CNV,a5371ca9771e712aa3baf5883206d49fb337679b3c70d40f693133d2a5b8c788,f0e7ec484824434f13bdd958363a725d6d6a27104f290b6aee3c4eee07c9064e
TAB_SIH_199801-200307.zip,171271844c06ec66e2ed0c0abd2ef18f0d67c652e8d9b58d7f0f10d9bf269656,gestao,"XGestão, GESTAO, 1, GESTAO.CNV",GESTAO.CNV,c8d5e054def7ff4552507263aa77f9c4332ee86198a7479130fef1cd9e946c0e,b0c0b5b42d86d77ce328eae32e21fa9fd77ad572183cec8a6e1f042f276b5d4d
TAB_SIH_199801-200307.zip,171271844c06ec66e2ed0c0abd2ef18f0d67c652e8d9b58d7f0f10d9bf269656,sexo,"XSexo, SEXO, 1, SEXO.CNV",SEXO.CNV,003e1b250d26b987867b9d0c1d155c42e340c4a62bffdcd4db85c7c41e60691e,66b15c3c02078a02961b407f3bcd2f5676559e6b834ffa04bbe7b491e924e7cf
TAB_SIH_199801-200307.zip,171271844c06ec66e2ed0c0abd2ef18f0d67c652e8d9b58d7f0f10d9bf269656,vincprev,"XVínculo previdenc, VINCPREV, 1, VINCPREV.CNV",VINCPREV.CNV,b6afc5eace583f2c122c74bdc1ab0ebdaf43a4b7d057a94d44eeb3a7c8817f29,ec7bfb3f6e2333cef3089e9d5df859307f6071a1244a6b9437f871ba3897b135
TAB_SIH_199801-200307.zip,171271844c06ec66e2ed0c0abd2ef18f0d67c652e8d9b58d7f0f10d9bf269656,ident,"XTipo de AIH, IDENT, 1, IDENT.CNV",IDENT.CNV,85fe489e20e61abff994fc22d836ca208d7e9fee947bb5dbc76193d883c53828,29cca29dda18eedd71836725afe42a7c6ffe1fdd9a33482fc55fa471f5a05934
TAB_SIH_199801-200307.zip,171271844c06ec66e2ed0c0abd2ef18f0d67c652e8d9b58d7f0f10d9bf269656,morte,"XÓbitos, MORTE, 1, MORTES.CNV",MORTES.CNV,f2cb9e690a4d1557d9044b8c9dace13e64a35ef69741091c08e1e0b64d984f30,c9706af6e27868ff5532ebf6bc95a7d534c62525a4b950ad002696dc940790a9
TAB_SIH_199801-200307.zip,171271844c06ec66e2ed0c0abd2ef18f0d67c652e8d9b58d7f0f10d9bf269656,instru,"XGrau de instrução, INSTRU, 1, INSTRU.CNV",INSTRU.CNV,ecdd8359a9fe8a07f77e250e758de9d8a0ac88901527f87d5f7271916a11ab04,c553bb5a4c651785d5ebf26a7646344cd0215f60ccb051449f101e5888f57620
TAB_SIH_200308-200712.zip,80582969071fdd2b9008e9121e3052e1705d8a0e9c456d153b13655c787966cd,natureza,"LNatureza, NATUREZA, 1, NATUREZA.CNV",NATUREZA.CNV,837f2978a3703a15e97f4c451c2dcd2885a96e666998d6bce43b0d220ad41935,a25626f4eca4d96767eacbd61de32277db19bfdfd8fe7842125a1fe94b37f33f
TAB_SIH_200308-200712.zip,80582969071fdd2b9008e9121e3052e1705d8a0e9c456d153b13655c787966cd,natureza,"CNatureza, NATUREZA, 1, NATUREZC.CNV",NATUREZC.CNV,693c8d3704a4181416cedbe6b56460172e6985ebc62b50f9ada2b2aff0e4f1ce,2fac24e4019f8986ebcf287e18b756fb2c5cb9ab537bcd06122c8842aa42085b
TAB_SIH_200308-200712.zip,80582969071fdd2b9008e9121e3052e1705d8a0e9c456d153b13655c787966cd,natureza,"SNatureza, NATUREZA, 1, NATUREZA.CNV",NATUREZA.CNV,837f2978a3703a15e97f4c451c2dcd2885a96e666998d6bce43b0d220ad41935,a25626f4eca4d96767eacbd61de32277db19bfdfd8fe7842125a1fe94b37f33f
TAB_SIH_200308-200712.zip,80582969071fdd2b9008e9121e3052e1705d8a0e9c456d153b13655c787966cd,natureza,"XRegime, NATUREZA, 1, REGIME.CNV",REGIME.CNV,a5371ca9771e712aa3baf5883206d49fb337679b3c70d40f693133d2a5b8c788,f0e7ec484824434f13bdd958363a725d6d6a27104f290b6aee3c4eee07c9064e
TAB_SIH_200308-200712.zip,80582969071fdd2b9008e9121e3052e1705d8a0e9c456d153b13655c787966cd,gestao,"XGestão, GESTAO, 1, GESTAO.CNV",GESTAO.CNV,c8d5e054def7ff4552507263aa77f9c4332ee86198a7479130fef1cd9e946c0e,b0c0b5b42d86d77ce328eae32e21fa9fd77ad572183cec8a6e1f042f276b5d4d
TAB_SIH_200308-200712.zip,80582969071fdd2b9008e9121e3052e1705d8a0e9c456d153b13655c787966cd,sexo,"XSexo, SEXO, 1, SEXO.CNV",SEXO.CNV,003e1b250d26b987867b9d0c1d155c42e340c4a62bffdcd4db85c7c41e60691e,66b15c3c02078a02961b407f3bcd2f5676559e6b834ffa04bbe7b491e924e7cf
TAB_SIH_200308-200712.zip,80582969071fdd2b9008e9121e3052e1705d8a0e9c456d153b13655c787966cd,vincprev,"XVínculo previdenc, VINCPREV, 1, VINCPREV.CNV",VINCPREV.CNV,b6afc5eace583f2c122c74bdc1ab0ebdaf43a4b7d057a94d44eeb3a7c8817f29,ec7bfb3f6e2333cef3089e9d5df859307f6071a1244a6b9437f871ba3897b135
TAB_SIH_200308-200712.zip,80582969071fdd2b9008e9121e3052e1705d8a0e9c456d153b13655c787966cd,ident,"XTipo de AIH, IDENT, 1, IDENT.CNV",IDENT.CNV,85fe489e20e61abff994fc22d836ca208d7e9fee947bb5dbc76193d883c53828,29cca29dda18eedd71836725afe42a7c6ffe1fdd9a33482fc55fa471f5a05934
TAB_SIH_200308-200712.zip,80582969071fdd2b9008e9121e3052e1705d8a0e9c456d153b13655c787966cd,morte,"XÓbitos, MORTE, 1, MORTES.CNV",MORTES.CNV,f2cb9e690a4d1557d9044b8c9dace13e64a35ef69741091c08e1e0b64d984f30,c9706af6e27868ff5532ebf6bc95a7d534c62525a4b950ad002696dc940790a9
TAB_SIH_200308-200712.zip,80582969071fdd2b9008e9121e3052e1705d8a0e9c456d153b13655c787966cd,instru,"XGrau de instrução, INSTRU, 1, INSTRU.CNV",INSTRU.CNV,ecdd8359a9fe8a07f77e250e758de9d8a0ac88901527f87d5f7271916a11ab04,c553bb5a4c651785d5ebf26a7646344cd0215f60ccb051449f101e5888f57620
