co_erro,rows,files,in_moterro
010001,29627,1264,yes
010003,108799,3421,yes
010004,39,30,yes
010006,15,10,yes
010007,308,44,yes
010008,23511,1927,yes
020000,1633,23,no
020001,408190,3167,yes
020002,89024,2973,yes
020003,5424,592,yes
020004,174,34,yes
020005,20,16,yes
020006,270,26,yes
020007,26,20,yes
020008,517773,4036,yes
020009,49572,1876,yes
020010,7521,1019,yes
020011,461,204,yes
020012,6,5,yes
020013,2,2,yes
020014,2,2,yes
020015,16,15,yes
020016,7889,653,yes
020017,3449,892,yes
020018,10,9,yes
020019,24,22,yes
020025,207,137,yes
020026,4,3,yes
020027,2,2,yes
020030,1,1,yes
020031,4,4,yes
020032,25,7,yes
020050,14629,1471,yes
020051,46224,2035,yes
020052,1137,257,yes
020053,653,245,yes
020054,152,51,yes
020055,147,65,yes
020056,76,35,yes
020057,8202,745,yes
020058,118,31,yes
020059,3669,610,yes
020060,11595,804,yes
020061,34,29,yes
020062,30878,1590,yes
020063,4205,555,yes
020064,1182,181,yes
020065,778,113,yes
020067,2056,157,yes
020068,511,221,yes
020069,498716,2981,yes
020070,93498,2670,yes
020071,593053,2397,yes
020072,533,327,yes
020073,271,70,yes
020074,7117,739,yes
020075,324298,2825,yes
020076,25067,1716,yes
020077,78777,3168,yes
020078,6512,1222,yes
020079,6449,1049,yes
020080,8424,716,yes
020081,1030294,3182,yes
020082,142328,1354,yes
030001,19670,1119,yes
030002,137,69,yes
030003,124,63,yes
030004,31,21,yes
030005,16,6,yes
030006,3,3,yes
030007,2,2,yes
030008,5256,404,yes
030009,385,120,yes
030010,69,24,yes
030011,14,12,yes
030012,2,2,yes
030013,2,2,yes
030014,3,3,yes
030015,6,6,yes
030017,8,7,no
030018,5,4,no
030025,2,2,no
030029,1,1,no
030050,4138,583,yes
030051,9351,620,yes
030052,236,86,yes
030053,214,86,yes
030054,45,26,yes
030055,209,33,yes
030056,13,12,yes
030057,6011,261,yes
030058,42,9,yes
030059,1608,271,yes
030060,352,152,yes
030061,13,11,yes
030062,4157,506,yes
030063,295,42,yes
030064,20,14,yes
030065,13,3,yes
030066,1,1,yes
030067,9,6,yes
030068,16,6,yes
030069,4970,248,yes
030070,10133,661,yes
030071,3799,46,yes
030072,82,22,yes
030073,97,26,yes
030074,1071,163,yes
030075,21370,1028,yes
030077,103,42,yes
040001,1286,555,yes
040002,227,90,yes
040003,32036,3373,yes
040004,1056493,3856,yes
040005,7668,1173,yes
040006,346322,4453,yes
040007,75,13,yes
040008,177702,4392,yes
040009,46374,3752,yes
050003,461,69,yes
050006,6926,1988,yes
050007,21,17,yes
050008,188380,3922,yes
050010,2,1,yes
050012,3026,1732,yes
050013,925,63,yes
050016,825,433,yes
050022,3,3,yes
050024,4363,243,yes
050025,2,2,yes
050026,4362,243,yes
050027,51,6,yes
050033,13,1,yes
050035,335,88,yes
050036,13,1,yes
050038,496,91,yes
050040,1539,19,yes
050041,558,7,yes
050042,13,1,yes
050044,520,85,yes
050045,404,84,yes
050047,532,103,yes
050049,72,19,yes
050050,145,38,yes
050052,544,249,yes
050053,227,54,yes
050054,205,6,yes
050055,4067,65,yes
050057,3143,362,yes
050058,126,13,yes
050061,187,21,yes
050062,34,5,yes
050063,3433,55,yes
050064,283,162,yes
050065,70,4,yes
050066,25,12,yes
050068,588,187,yes
050079,146,9,yes
050080,893,1,yes
050081,76,35,yes
050082,119,20,yes
050083,440,295,yes
050085,1,1,yes
050086,2,2,yes
050090,4692,251,yes
050096,8027,2235,yes
050097,681,150,yes
050098,16728,835,yes
050101,30,18,yes
050104,7995,136,yes
050105,65,59,yes
050106,1233,26,yes
050107,11,10,yes
050109,72,19,yes
050111,1,1,yes
050113,355,160,yes
050114,1142,579,yes
050115,127,99,yes
050116,17354,2243,yes
050126,53,27,yes
050127,3,2,yes
050128,3,2,yes
050129,13774,820,yes
050133,180,21,yes
050134,776,276,yes
050135,10,7,yes
050136,334,112,yes
050137,35,19,yes
050138,19,16,yes
050139,258,152,yes
050140,3095,50,yes
050141,6,4,yes
050142,19022,2806,yes
050143,2895,1115,yes
050146,27,8,yes
050149,467,319,yes
050150,304,117,yes
050151,2,1,yes
050152,675,243,yes
050153,5572,1454,yes
050154,6385,1543,yes
050155,452,116,yes
050156,3268,347,yes
050157,92,59,yes
050158,2057,84,yes
050160,8306,25,yes
050161,5862,27,yes
050162,228,47,yes
050163,13,1,yes
050164,2177,10,yes
050165,3,1,yes
050166,6357,838,yes
050167,67,42,yes
050168,1477,107,yes
050169,256,55,yes
050170,1,1,yes
050172,17,6,yes
050173,1,1,yes
050175,9,6,yes
050178,2,2,yes
050181,2,2,yes
050197,4,4,yes
050198,1976,96,yes
050201,188,41,yes
050206,19,2,no
050207,36,2,no
050212,6,3,no
050214,62,10,no
050216,8,3,no
050217,4,4,no
060006,12091,135,yes
060011,22,11,yes
060012,14,9,yes
060014,311,83,yes
060017,99595,4044,yes
060018,19,3,yes
060019,375,293,yes
060020,11978,687,yes
060021,3993,258,yes
060022,31040,1307,yes
060023,2107,165,yes
060024,3548,320,yes
060025,37283,1323,yes
060026,2147,346,yes
060027,9262,566,yes
060028,159431,2004,yes
060029,6196,473,yes
060030,912,109,yes
060031,1509,78,yes
060032,54,41,yes
060033,112,87,yes
060036,734,220,yes
060037,555,166,yes
060038,57862,2250,yes
060039,1612,848,yes
060040,9264,1661,yes
060041,198,56,yes
060047,25,4,yes
060048,25,4,yes
060050,2456,700,yes
060051,51652,3589,yes
060052,397,129,yes
060053,983,632,yes
060055,179771,4189,yes
060056,5601,872,yes
060057,67727,3426,yes
060059,158,75,yes
060060,29384,2153,yes
060065,483748,4486,yes
060066,749,327,yes
060068,79,5,yes
060069,629,1,yes
060070,1,1,yes
060071,72,16,yes
060072,595946,4739,yes
060073,7,3,yes
060074,343839,3949,yes
060076,48,1,yes
060077,12,6,yes
060078,1372,137,yes
060079,4800,1591,yes
060081,3313,1360,yes
060082,1170416,4141,yes
060083,3918,416,yes
060084,268597,4444,yes
060085,111,64,yes
060088,2934,1173,yes
060090,411,69,yes
060091,11,2,yes
060092,36,7,yes
060095,99,74,yes
060096,154,130,yes
060097,142,77,yes
060098,958,309,yes
060100,4696,654,yes
060101,4584,1686,yes
060102,15413,2241,yes
060104,46,21,yes
060105,256,122,yes
060106,137,20,yes
060107,18,4,yes
060108,3585,1375,yes
060109,1312806,4750,yes
060110,705141,4628,yes
060111,1,1,yes
060112,74,21,yes
060114,17586,1620,yes
060115,208,122,yes
060116,12,8,yes
060117,5087,946,yes
060118,1172,422,yes
060119,86,72,yes
060120,1216933,4902,yes
060121,70,44,yes
060123,173,118,yes
060125,8144,904,yes
060131,13348,1954,yes
060132,2512,1030,yes
060134,61,38,yes
060135,2041,987,yes
060136,13297,1574,yes
060138,48,36,yes
060139,52,29,yes
060140,108,34,yes
060141,368,277,yes
060142,676,277,yes
060143,5,3,yes
060144,3084,75,yes
060145,423,106,yes
060146,7214,1995,yes
060147,585016,4319,yes
060148,710,20,yes
060149,15149,2658,yes
060150,326390,4432,yes
060151,456,122,yes
060152,3,3,yes
060155,6694,1379,yes
060156,3332,1440,yes
060157,50,2,yes
060158,125,91,yes
060159,570,135,yes
060160,2220,349,yes
060161,457,57,yes
060162,5,2,yes
060166,1030,320,yes
060167,2041,580,yes
060168,10166,338,yes
060169,780,66,yes
060170,2530,413,yes
060171,4041,1418,yes
060172,547,204,yes
060178,2269,1066,yes
060179,1714,552,yes
060180,1747,314,yes
060181,1824,630,yes
060182,556,260,yes
060183,694,364,yes
060184,45,28,yes
060185,29205,721,yes
060186,6926,477,yes
060187,4868,582,yes
060188,15030,1402,yes
060189,7838,678,yes
060190,674,473,yes
060191,3261,1498,yes
060192,9886,1998,yes
060193,5054,1563,yes
060194,1161,620,yes
060195,30737,3021,yes
060196,678,468,yes
060197,26224,3108,yes
060200,1810,646,yes
060201,2595,947,yes
060202,590,370,yes
060203,12,7,yes
060204,11639,1968,yes
060205,13176,2289,yes
060206,7053,1629,yes
060207,10,8,yes
060210,2143,191,yes
060211,40,34,yes
060212,22,15,yes
060214,83751,540,yes
060215,2823,230,yes
060216,5663,1110,yes
060217,9166,181,yes
060221,42564,550,yes
060222,21,6,no
060223,107,8,no
060224,31,13,no
060225,6105,5,no
070011,35,18,yes
070012,206,10,yes
070013,206,10,yes
070017,1,1,yes
080004,42,34,yes
080006,10153,2313,yes
090001,26,25,yes
